user_Id,email,product,rating
15889,cust15889@gmail.com,Medium-term deposits,3.5
15890,cust15890@gmail.com,Securities,3.0
15891,cust15891@gmail.com,Direct Debit,4.0
15892,cust15892@gmail.com,Payroll Account,2.0
15893,cust15893@gmail.com,Pensions,1.0
15894,cust15894@gmail.com,Credit Card,1.5
15895,cust15895@gmail.com,Securities,4.0
15896,cust15896@gmail.com,Current Accounts,4.5
15897,cust15897@gmail.com,Payroll Account,3.0
15898,cust15898@gmail.com,Home Account,3.0
15899,cust15899@gmail.com,Credit Card,2.0
15900,cust15900@gmail.com,Funds,4.0
15901,cust15901@gmail.com,Pensions,3.0
15902,cust15902@gmail.com,Payroll,1.5
15903,cust15903@gmail.com,Pensions,3.0
15906,cust15906@gmail.com,Medium-term deposits,2.0
15907,cust15907@gmail.com,Credit Card,3.0
15908,cust15908@gmail.com,Mortgage,5.0
15910,cust15910@gmail.com,Mortgage,3.0
15911,cust15911@gmail.com,Taxes,4.5
15913,cust15913@gmail.com,Mortgage,4.0
15914,cust15914@gmail.com,Pensions,5.0
15915,cust15915@gmail.com,Loans,3.0
15916,cust15916@gmail.com,Medium-term deposits,3.5
15917,cust15917@gmail.com,Current Accounts,3.5
15918,cust15918@gmail.com,Pensions,5.0
15919,cust15919@gmail.com,Mortgage,4.5
15920,cust15920@gmail.com,particular Plus Account,3.0
15921,cust15921@gmail.com,Derivada Account,2.0
15922,cust15922@gmail.com,Securities,5.0
15923,cust15923@gmail.com,Derivada Account,4.0
15924,cust15924@gmail.com,Mortgage,2.0
15925,cust15925@gmail.com,Medium-term deposits,4.0
15926,cust15926@gmail.com,particular Account,3.0
15927,cust15927@gmail.com,Securities,5.0
15928,cust15928@gmail.com,Payroll Account,2.0
15929,cust15929@gmail.com,Direct Debit,4.5
15930,cust15930@gmail.com,Taxes,1.0
15932,cust15932@gmail.com,Saving Account,3.0
15933,cust15933@gmail.com,Credit Card,4.0
15934,cust15934@gmail.com,Taxes,5.0
15935,cust15935@gmail.com,Funds,4.0
15936,cust15936@gmail.com,particular Plus Account,4.0
15937,cust15937@gmail.com,Payroll,3.0
15938,cust15938@gmail.com,Securities,4.5
15939,cust15939@gmail.com,Taxes,4.0
15940,cust15940@gmail.com,Payroll,1.0
15941,cust15941@gmail.com,Payroll,4.0
15942,cust15942@gmail.com,Guarantees,2.0
15943,cust15943@gmail.com,Home Account,2.0
15944,cust15944@gmail.com,particular Plus Account,1.0
15945,cust15945@gmail.com,Saving Account,5.0
15947,cust15947@gmail.com,Loans,5.0
15948,cust15948@gmail.com,Junior Account,4.5
15949,cust15949@gmail.com,Long-term deposits,5.0
15950,cust15950@gmail.com,Pensions,2.0
15951,cust15951@gmail.com,Payroll Account,2.0
15952,cust15952@gmail.com,Derivada Account,4.0
15954,cust15954@gmail.com,Credit Card,3.0
15956,cust15956@gmail.com,Current Accounts,3.0
15957,cust15957@gmail.com,Pensions,5.0
15958,cust15958@gmail.com,Taxes,2.5
15959,cust15959@gmail.com,Payroll,5.0
15960,cust15960@gmail.com,Saving Account,3.0
15961,cust15961@gmail.com,Taxes,3.0
15962,cust15962@gmail.com,Taxes,2.0
15964,cust15964@gmail.com,e-account,4.5
15965,cust15965@gmail.com,Mortgage,4.5
15967,cust15967@gmail.com,particular Plus Account,5.0
15969,cust15969@gmail.com,particular Plus Account,4.5
15972,cust15972@gmail.com,Mas particular Account,3.5
15973,cust15973@gmail.com,Funds,4.0
15974,cust15974@gmail.com,Home Account,5.0
15975,cust15975@gmail.com,Current Accounts,4.0
15976,cust15976@gmail.com,Pensions,5.0
15977,cust15977@gmail.com,Direct Debit,2.5
15978,cust15978@gmail.com,Mortgage,3.0
15979,cust15979@gmail.com,e-account,4.5
15980,cust15980@gmail.com,Junior Account,4.5
15981,cust15981@gmail.com,Loans,4.5
15982,cust15982@gmail.com,Saving Account,5.0
15983,cust15983@gmail.com,Payroll Account,4.0
15984,cust15984@gmail.com,particular Plus Account,3.0
15985,cust15985@gmail.com,Long-term deposits,3.0
15986,cust15986@gmail.com,Short-term deposits,4.0
15987,cust15987@gmail.com,Credit Card,3.0
15988,cust15988@gmail.com,Guarantees,3.0
15989,cust15989@gmail.com,Mortgage,5.0
15990,cust15990@gmail.com,particular Plus Account,3.0
15991,cust15991@gmail.com,Direct Debit,5.0
15992,cust15992@gmail.com,Payroll Account,3.5
15993,cust15993@gmail.com,Saving Account,5.0
15994,cust15994@gmail.com,Securities,3.5
15995,cust15995@gmail.com,Credit Card,3.5
15996,cust15996@gmail.com,Mas particular Account,1.0
15997,cust15997@gmail.com,Funds,5.0
15998,cust15998@gmail.com,Funds,3.5
15999,cust15999@gmail.com,Medium-term deposits,2.5
16000,cust16000@gmail.com,Payroll,4.0
16001,cust16001@gmail.com,Mas particular Account,4.5
16002,cust16002@gmail.com,Payroll Account,3.0
16003,cust16003@gmail.com,Long-term deposits,3.5
16004,cust16004@gmail.com,particular Plus Account,4.5
16005,cust16005@gmail.com,Loans,4.0
16007,cust16007@gmail.com,Short-term deposits,5.0
16008,cust16008@gmail.com,e-account,4.0
16009,cust16009@gmail.com,particular Account,3.0
16010,cust16010@gmail.com,Pensions,3.0
16011,cust16011@gmail.com,Securities,3.0
16013,cust16013@gmail.com,Pensions,3.0
16017,cust16017@gmail.com,Short-term deposits,4.0
16018,cust16018@gmail.com,Funds,4.5
16019,cust16019@gmail.com,Home Account,3.5
16022,cust16022@gmail.com,Credit Card,4.0
16024,cust16024@gmail.com,Securities,5.0
16025,cust16025@gmail.com,Mas particular Account,5.0
16026,cust16026@gmail.com,Mortgage,1.0
16027,cust16027@gmail.com,Long-term deposits,4.0
16028,cust16028@gmail.com,Medium-term deposits,5.0
16029,cust16029@gmail.com,Taxes,3.0
16031,cust16031@gmail.com,Long-term deposits,3.0
16033,cust16033@gmail.com,Taxes,3.0
16034,cust16034@gmail.com,Pensions,4.0
16036,cust16036@gmail.com,Guarantees,3.0
16038,cust16038@gmail.com,Long-term deposits,3.0
16039,cust16039@gmail.com,Derivada Account,4.0
16040,cust16040@gmail.com,Current Accounts,3.5
16041,cust16041@gmail.com,Mas particular Account,3.5
16042,cust16042@gmail.com,Pensions,2.0
16043,cust16043@gmail.com,Pensions,5.0
16046,cust16046@gmail.com,Saving Account,5.0
16047,cust16047@gmail.com,Payroll,5.0
16048,cust16048@gmail.com,Taxes,3.0
16049,cust16049@gmail.com,Pensions,4.0
16050,cust16050@gmail.com,Mortgage,3.5
16051,cust16051@gmail.com,Loans,4.5
16052,cust16052@gmail.com,Pensions,3.5
16053,cust16053@gmail.com,Pensions,4.5
16055,cust16055@gmail.com,Taxes,3.5
16056,cust16056@gmail.com,Direct Debit,4.0
16060,cust16060@gmail.com,Junior Account,3.0
16062,cust16062@gmail.com,Funds,2.5
16063,cust16063@gmail.com,Junior Account,4.5
16064,cust16064@gmail.com,Mas particular Account,5.0
16065,cust16065@gmail.com,Short-term deposits,4.0
16067,cust16067@gmail.com,Junior Account,2.5
16070,cust16070@gmail.com,Taxes,5.0
16073,cust16073@gmail.com,Home Account,3.0
16074,cust16074@gmail.com,Long-term deposits,5.0
16075,cust16075@gmail.com,Taxes,3.0
16078,cust16078@gmail.com,Guarantees,5.0
16082,cust16082@gmail.com,Medium-term deposits,3.0
16083,cust16083@gmail.com,Mortgage,5.0
16085,cust16085@gmail.com,Mortgage,3.0
16088,cust16088@gmail.com,particular Plus Account,4.0
16090,cust16090@gmail.com,Mortgage,4.5
16093,cust16093@gmail.com,Short-term deposits,3.0
16094,cust16094@gmail.com,Short-term deposits,3.5
16095,cust16095@gmail.com,Current Accounts,1.0
16098,cust16098@gmail.com,Taxes,3.5
16099,cust16099@gmail.com,Taxes,3.0
16100,cust16100@gmail.com,Payroll Account,4.0
16101,cust16101@gmail.com,Current Accounts,5.0
16102,cust16102@gmail.com,Long-term deposits,3.0
16103,cust16103@gmail.com,Junior Account,4.0
16105,cust16105@gmail.com,Pensions,4.0
16110,cust16110@gmail.com,Home Account,1.0
16111,cust16111@gmail.com,Taxes,4.5
16113,cust16113@gmail.com,Current Accounts,3.5
16114,cust16114@gmail.com,Payroll,5.0
16115,cust16115@gmail.com,Junior Account,4.5
16117,cust16117@gmail.com,Current Accounts,5.0
16119,cust16119@gmail.com,Direct Debit,3.5
16120,cust16120@gmail.com,Guarantees,3.5
16121,cust16121@gmail.com,Derivada Account,4.0
16122,cust16122@gmail.com,Mortgage,4.5
16125,cust16125@gmail.com,Credit Card,3.0
16126,cust16126@gmail.com,Saving Account,3.0
16128,cust16128@gmail.com,Junior Account,4.0
16131,cust16131@gmail.com,Long-term deposits,3.5
16132,cust16132@gmail.com,Junior Account,3.5
16133,cust16133@gmail.com,e-account,3.0
16134,cust16134@gmail.com,Junior Account,4.0
16135,cust16135@gmail.com,Derivada Account,3.5
16136,cust16136@gmail.com,Home Account,5.0
16137,cust16137@gmail.com,Saving Account,3.0
16138,cust16138@gmail.com,Funds,4.0
16140,cust16140@gmail.com,Derivada Account,5.0
16141,cust16141@gmail.com,Securities,4.5
16145,cust16145@gmail.com,Junior Account,3.5
16147,cust16147@gmail.com,Pensions,2.0
16148,cust16148@gmail.com,particular Plus Account,4.5
16149,cust16149@gmail.com,Mortgage,3.0
16152,cust16152@gmail.com,Direct Debit,4.0
16153,cust16153@gmail.com,Payroll Account,5.0
16155,cust16155@gmail.com,Direct Debit,2.5
16158,cust16158@gmail.com,Derivada Account,4.0
16161,cust16161@gmail.com,Current Accounts,4.5
16162,cust16162@gmail.com,Payroll Account,5.0
16163,cust16163@gmail.com,Long-term deposits,4.0
16166,cust16166@gmail.com,Medium-term deposits,4.0
16167,cust16167@gmail.com,Home Account,2.0
16169,cust16169@gmail.com,Home Account,4.5
16170,cust16170@gmail.com,Payroll Account,5.0
16171,cust16171@gmail.com,Medium-term deposits,3.0
16172,cust16172@gmail.com,Loans,3.0
16174,cust16174@gmail.com,Saving Account,4.5
16176,cust16176@gmail.com,Payroll Account,2.5
16177,cust16177@gmail.com,Payroll,4.0
16179,cust16179@gmail.com,Direct Debit,4.0
16181,cust16181@gmail.com,Loans,4.5
16182,cust16182@gmail.com,Guarantees,4.0
16183,cust16183@gmail.com,Direct Debit,4.5
16185,cust16185@gmail.com,Funds,4.0
16187,cust16187@gmail.com,Guarantees,3.0
16189,cust16189@gmail.com,Medium-term deposits,4.0
16192,cust16192@gmail.com,particular Account,4.5
16193,cust16193@gmail.com,Loans,3.0
16194,cust16194@gmail.com,Mas particular Account,4.5
16195,cust16195@gmail.com,Payroll Account,5.0
16196,cust16196@gmail.com,Securities,4.0
16197,cust16197@gmail.com,Saving Account,5.0
16198,cust16198@gmail.com,Long-term deposits,4.0
16199,cust16199@gmail.com,Securities,4.0
16201,cust16201@gmail.com,Medium-term deposits,3.0
16202,cust16202@gmail.com,Long-term deposits,3.0
16203,cust16203@gmail.com,Medium-term deposits,3.5
16204,cust16204@gmail.com,Securities,5.0
16205,cust16205@gmail.com,Guarantees,3.0
16206,cust16206@gmail.com,Loans,3.0
16207,cust16207@gmail.com,Pensions,1.0
16208,cust16208@gmail.com,Saving Account,3.0
16209,cust16209@gmail.com,Payroll Account,4.5
16211,cust16211@gmail.com,Mortgage,3.0
16213,cust16213@gmail.com,Payroll,4.0
16216,cust16216@gmail.com,Payroll Account,4.5
16217,cust16217@gmail.com,Pensions,5.0
16222,cust16222@gmail.com,Saving Account,3.0
16227,cust16227@gmail.com,Mas particular Account,4.0
16229,cust16229@gmail.com,Pensions,4.0
16230,cust16230@gmail.com,Taxes,4.0
16231,cust16231@gmail.com,Payroll Account,4.5
16232,cust16232@gmail.com,Current Accounts,5.0
16233,cust16233@gmail.com,Pensions,4.0
16234,cust16234@gmail.com,Pensions,3.0
16235,cust16235@gmail.com,Guarantees,5.0
16236,cust16236@gmail.com,Guarantees,3.5
16238,cust16238@gmail.com,Current Accounts,4.5
16240,cust16240@gmail.com,Derivada Account,4.0
16241,cust16241@gmail.com,Credit Card,3.5
16242,cust16242@gmail.com,Current Accounts,3.5
16243,cust16243@gmail.com,Saving Account,5.0
16244,cust16244@gmail.com,Payroll Account,4.5
16245,cust16245@gmail.com,Funds,3.0
16246,cust16246@gmail.com,particular Plus Account,3.0
16247,cust16247@gmail.com,Short-term deposits,2.0
16249,cust16249@gmail.com,particular Account,5.0
16253,cust16253@gmail.com,Pensions,2.5
16254,cust16254@gmail.com,Home Account,4.0
16255,cust16255@gmail.com,Home Account,4.5
16256,cust16256@gmail.com,Securities,4.0
16257,cust16257@gmail.com,Pensions,1.0
16258,cust16258@gmail.com,Mas particular Account,2.5
16259,cust16259@gmail.com,Home Account,3.5
16261,cust16261@gmail.com,Payroll Account,4.0
16263,cust16263@gmail.com,Payroll Account,5.0
16265,cust16265@gmail.com,Short-term deposits,3.0
16266,cust16266@gmail.com,Securities,4.5
16267,cust16267@gmail.com,Pensions,5.0
16268,cust16268@gmail.com,Medium-term deposits,3.0
16269,cust16269@gmail.com,particular Plus Account,3.0
16270,cust16270@gmail.com,Home Account,4.5
16271,cust16271@gmail.com,Securities,4.0
16273,cust16273@gmail.com,Securities,5.0
16274,cust16274@gmail.com,Funds,5.0
16276,cust16276@gmail.com,Current Accounts,4.0
16278,cust16278@gmail.com,Funds,5.0
16279,cust16279@gmail.com,Current Accounts,5.0
16280,cust16280@gmail.com,Credit Card,4.0
16281,cust16281@gmail.com,Guarantees,5.0
16282,cust16282@gmail.com,Funds,4.0
16283,cust16283@gmail.com,particular Plus Account,2.0
16287,cust16287@gmail.com,Payroll,4.0
16289,cust16289@gmail.com,Derivada Account,3.0
16290,cust16290@gmail.com,Derivada Account,5.0
16291,cust16291@gmail.com,Medium-term deposits,4.0
16294,cust16294@gmail.com,Securities,4.0
16296,cust16296@gmail.com,Pensions,2.5
16297,cust16297@gmail.com,Home Account,5.0
16306,cust16306@gmail.com,Junior Account,3.0
16307,cust16307@gmail.com,particular Plus Account,5.0
16308,cust16308@gmail.com,Derivada Account,3.0
16311,cust16311@gmail.com,Home Account,5.0
16324,cust16324@gmail.com,Mortgage,5.0
16327,cust16327@gmail.com,particular Plus Account,4.0
16329,cust16329@gmail.com,Pensions,4.0
16330,cust16330@gmail.com,Payroll,4.0
16338,cust16338@gmail.com,Securities,3.0
16339,cust16339@gmail.com,Mas particular Account,3.5
16341,cust16341@gmail.com,Loans,4.5
16355,cust16355@gmail.com,Home Account,3.0
16357,cust16357@gmail.com,Long-term deposits,5.0
16359,cust16359@gmail.com,Short-term deposits,0.5
16360,cust16360@gmail.com,particular Account,4.5
16361,cust16361@gmail.com,Long-term deposits,4.5
16362,cust16362@gmail.com,Saving Account,4.0
16364,cust16364@gmail.com,Credit Card,4.5
16365,cust16365@gmail.com,Credit Card,5.0
16368,cust16368@gmail.com,Long-term deposits,3.0
16404,cust16404@gmail.com,particular Plus Account,2.0
16405,cust16405@gmail.com,Current Accounts,3.5
16411,cust16411@gmail.com,Loans,3.0
16412,cust16412@gmail.com,particular Plus Account,3.0
16418,cust16418@gmail.com,e-account,3.0
16421,cust16421@gmail.com,Mortgage,4.0
16424,cust16424@gmail.com,Long-term deposits,4.0
16426,cust16426@gmail.com,Home Account,0.5
16445,cust16445@gmail.com,Payroll,4.0
16450,cust16450@gmail.com,particular Account,5.0
16456,cust16456@gmail.com,particular Plus Account,4.0
16463,cust16463@gmail.com,Saving Account,5.0
16465,cust16465@gmail.com,Pensions,4.0
16468,cust16468@gmail.com,Mortgage,1.0
16478,cust16478@gmail.com,e-account,3.0
16483,cust16483@gmail.com,e-account,4.0
16484,cust16484@gmail.com,Pensions,4.0
16489,cust16489@gmail.com,particular Account,4.0
16490,cust16490@gmail.com,Payroll,3.5
16491,cust16491@gmail.com,Mas particular Account,4.0
16494,cust16494@gmail.com,e-account,3.5
16496,cust16496@gmail.com,Pensions,2.0
16497,cust16497@gmail.com,Direct Debit,3.5
16498,cust16498@gmail.com,e-account,3.0
16499,cust16499@gmail.com,Funds,4.0
16500,cust16500@gmail.com,Direct Debit,5.0
16502,cust16502@gmail.com,Saving Account,3.5
16504,cust16504@gmail.com,Pensions,4.0
16506,cust16506@gmail.com,Current Accounts,4.0
16507,cust16507@gmail.com,Short-term deposits,4.5
16508,cust16508@gmail.com,Long-term deposits,2.0
16509,cust16509@gmail.com,Current Accounts,3.0
16510,cust16510@gmail.com,Securities,4.0
16511,cust16511@gmail.com,Derivada Account,5.0
16512,cust16512@gmail.com,e-account,3.0
16513,cust16513@gmail.com,Securities,3.5
16514,cust16514@gmail.com,Direct Debit,4.0
16515,cust16515@gmail.com,Home Account,4.5
16516,cust16516@gmail.com,Pensions,3.5
16517,cust16517@gmail.com,Mas particular Account,3.5
16518,cust16518@gmail.com,Guarantees,3.0
16521,cust16521@gmail.com,Saving Account,2.0
16522,cust16522@gmail.com,Direct Debit,3.0
16525,cust16525@gmail.com,Payroll Account,2.0
16529,cust16529@gmail.com,e-account,5.0
16530,cust16530@gmail.com,Medium-term deposits,2.0
16531,cust16531@gmail.com,Saving Account,5.0
16532,cust16532@gmail.com,Junior Account,3.5
16533,cust16533@gmail.com,particular Account,2.0
16534,cust16534@gmail.com,particular Plus Account,2.5
16535,cust16535@gmail.com,Payroll Account,1.0
16536,cust16536@gmail.com,Saving Account,4.0
16537,cust16537@gmail.com,particular Plus Account,4.0
16538,cust16538@gmail.com,particular Account,4.0
16539,cust16539@gmail.com,Pensions,4.0
16540,cust16540@gmail.com,Securities,3.0
16543,cust16543@gmail.com,Short-term deposits,4.0
16544,cust16544@gmail.com,Pensions,4.0
16545,cust16545@gmail.com,Saving Account,5.0
16546,cust16546@gmail.com,Short-term deposits,3.0
16550,cust16550@gmail.com,Derivada Account,4.0
16555,cust16555@gmail.com,Guarantees,3.0
16556,cust16556@gmail.com,Saving Account,3.0
16558,cust16558@gmail.com,Payroll,4.5
16560,cust16560@gmail.com,Medium-term deposits,4.0
16562,cust16562@gmail.com,Home Account,2.0
16563,cust16563@gmail.com,Payroll,1.5
16565,cust16565@gmail.com,Pensions,2.0
16568,cust16568@gmail.com,Long-term deposits,5.0
16569,cust16569@gmail.com,Derivada Account,5.0
16571,cust16571@gmail.com,Guarantees,5.0
16572,cust16572@gmail.com,Junior Account,4.0
16574,cust16574@gmail.com,Credit Card,5.0
16575,cust16575@gmail.com,Short-term deposits,5.0
16576,cust16576@gmail.com,Home Account,5.0
16578,cust16578@gmail.com,Mortgage,4.0
16579,cust16579@gmail.com,e-account,4.0
16580,cust16580@gmail.com,Medium-term deposits,5.0
16583,cust16583@gmail.com,Current Accounts,4.0
16584,cust16584@gmail.com,Medium-term deposits,3.0
16585,cust16585@gmail.com,Mas particular Account,4.0
16587,cust16587@gmail.com,Home Account,4.0
16590,cust16590@gmail.com,Home Account,3.0
16591,cust16591@gmail.com,Medium-term deposits,3.0
16592,cust16592@gmail.com,Short-term deposits,4.0
16594,cust16594@gmail.com,Saving Account,5.0
16595,cust16595@gmail.com,Direct Debit,4.0
16601,cust16601@gmail.com,Loans,4.5
16603,cust16603@gmail.com,Payroll Account,5.0
16604,cust16604@gmail.com,Taxes,4.0
16607,cust16607@gmail.com,Securities,2.0
16608,cust16608@gmail.com,Funds,3.0
16610,cust16610@gmail.com,Home Account,5.0
16612,cust16612@gmail.com,Credit Card,3.0
16613,cust16613@gmail.com,Junior Account,4.0
16616,cust16616@gmail.com,Mortgage,4.5
16617,cust16617@gmail.com,Payroll Account,4.0
16618,cust16618@gmail.com,Short-term deposits,2.5
16620,cust16620@gmail.com,Long-term deposits,4.5
16622,cust16622@gmail.com,e-account,3.0
16629,cust16629@gmail.com,Mortgage,2.5
16630,cust16630@gmail.com,Funds,5.0
16631,cust16631@gmail.com,Current Accounts,4.0
16632,cust16632@gmail.com,Securities,3.0
16633,cust16633@gmail.com,Derivada Account,3.0
16634,cust16634@gmail.com,e-account,4.0
16635,cust16635@gmail.com,Direct Debit,4.5
16637,cust16637@gmail.com,Home Account,3.0
16638,cust16638@gmail.com,Payroll,4.5
16640,cust16640@gmail.com,particular Plus Account,5.0
16641,cust16641@gmail.com,Credit Card,3.0
16642,cust16642@gmail.com,Home Account,5.0
16647,cust16647@gmail.com,Pensions,3.5
16648,cust16648@gmail.com,Funds,5.0
16649,cust16649@gmail.com,Taxes,4.0
16650,cust16650@gmail.com,Payroll,5.0
16652,cust16652@gmail.com,Loans,4.0
16653,cust16653@gmail.com,Saving Account,4.0
16656,cust16656@gmail.com,Pensions,3.0
16658,cust16658@gmail.com,Guarantees,3.5
16660,cust16660@gmail.com,Home Account,4.0
16661,cust16661@gmail.com,Derivada Account,4.0
16662,cust16662@gmail.com,Securities,3.5
16663,cust16663@gmail.com,Medium-term deposits,2.5
16666,cust16666@gmail.com,Mortgage,5.0
16668,cust16668@gmail.com,Guarantees,5.0
16671,cust16671@gmail.com,Saving Account,5.0
16672,cust16672@gmail.com,particular Account,3.0
16673,cust16673@gmail.com,Credit Card,4.0
16674,cust16674@gmail.com,Pensions,5.0
16675,cust16675@gmail.com,Mas particular Account,0.5
16677,cust16677@gmail.com,Junior Account,0.5
16680,cust16680@gmail.com,Loans,4.0
16681,cust16681@gmail.com,Mas particular Account,4.0
16685,cust16685@gmail.com,Mortgage,3.0
16687,cust16687@gmail.com,Medium-term deposits,4.0
16690,cust16690@gmail.com,Direct Debit,3.0
16694,cust16694@gmail.com,e-account,4.0
16695,cust16695@gmail.com,Junior Account,2.5
16696,cust16696@gmail.com,Medium-term deposits,3.5
16699,cust16699@gmail.com,Mas particular Account,3.5
16700,cust16700@gmail.com,Payroll,2.0
16702,cust16702@gmail.com,Funds,4.0
16705,cust16705@gmail.com,Current Accounts,3.5
16707,cust16707@gmail.com,Mortgage,4.0
16708,cust16708@gmail.com,Credit Card,4.0
16709,cust16709@gmail.com,Guarantees,3.5
16710,cust16710@gmail.com,Payroll Account,4.5
16711,cust16711@gmail.com,Long-term deposits,5.0
16713,cust16713@gmail.com,Securities,2.5
16714,cust16714@gmail.com,Mortgage,3.5
16717,cust16717@gmail.com,Current Accounts,3.5
16719,cust16719@gmail.com,Credit Card,3.0
16720,cust16720@gmail.com,Derivada Account,3.0
16721,cust16721@gmail.com,Junior Account,5.0
16722,cust16722@gmail.com,e-account,4.0
16723,cust16723@gmail.com,Mortgage,3.5
16724,cust16724@gmail.com,Securities,4.0
16725,cust16725@gmail.com,Derivada Account,3.0
16728,cust16728@gmail.com,Pensions,3.0
16730,cust16730@gmail.com,Current Accounts,3.0
16731,cust16731@gmail.com,Short-term deposits,4.0
16735,cust16735@gmail.com,Long-term deposits,4.0
16737,cust16737@gmail.com,Junior Account,3.0
16738,cust16738@gmail.com,Guarantees,4.0
16739,cust16739@gmail.com,particular Account,2.5
16741,cust16741@gmail.com,particular Plus Account,3.0
16743,cust16743@gmail.com,Payroll Account,5.0
16746,cust16746@gmail.com,Derivada Account,2.0
16747,cust16747@gmail.com,Payroll Account,2.0
16749,cust16749@gmail.com,Long-term deposits,4.0
16750,cust16750@gmail.com,particular Plus Account,5.0
16751,cust16751@gmail.com,particular Account,3.0
16752,cust16752@gmail.com,Securities,4.5
16757,cust16757@gmail.com,Securities,4.0
16758,cust16758@gmail.com,Current Accounts,5.0
16759,cust16759@gmail.com,Guarantees,4.0
16760,cust16760@gmail.com,e-account,3.5
16761,cust16761@gmail.com,Junior Account,3.0
16764,cust16764@gmail.com,Mas particular Account,4.0
16765,cust16765@gmail.com,particular Plus Account,3.0
16767,cust16767@gmail.com,Taxes,3.0
16768,cust16768@gmail.com,Payroll Account,5.0
16770,cust16770@gmail.com,Saving Account,4.0
16771,cust16771@gmail.com,Medium-term deposits,4.0
16772,cust16772@gmail.com,Saving Account,3.5
16773,cust16773@gmail.com,Loans,1.0
16776,cust16776@gmail.com,Saving Account,4.5
16777,cust16777@gmail.com,Payroll Account,2.0
16783,cust16783@gmail.com,Funds,4.0
16785,cust16785@gmail.com,Payroll Account,5.0
16787,cust16787@gmail.com,Long-term deposits,5.0
16788,cust16788@gmail.com,Mortgage,4.0
16789,cust16789@gmail.com,Medium-term deposits,4.5
16791,cust16791@gmail.com,Medium-term deposits,4.5
16794,cust16794@gmail.com,Securities,2.0
16795,cust16795@gmail.com,Loans,4.0
16797,cust16797@gmail.com,Junior Account,5.0
16801,cust16801@gmail.com,Current Accounts,3.0
16806,cust16806@gmail.com,Pensions,4.0
16807,cust16807@gmail.com,Mortgage,3.0
16808,cust16808@gmail.com,Current Accounts,4.0
16813,cust16813@gmail.com,e-account,4.0
16814,cust16814@gmail.com,Mas particular Account,4.0
16817,cust16817@gmail.com,Short-term deposits,4.0
16820,cust16820@gmail.com,Guarantees,1.0
16821,cust16821@gmail.com,e-account,5.0
16824,cust16824@gmail.com,Home Account,3.0
16825,cust16825@gmail.com,Guarantees,4.0
16826,cust16826@gmail.com,Mortgage,3.5
16827,cust16827@gmail.com,Mas particular Account,4.0
16828,cust16828@gmail.com,particular Account,3.5
16829,cust16829@gmail.com,Long-term deposits,4.0
16830,cust16830@gmail.com,Taxes,3.0
16832,cust16832@gmail.com,Payroll,5.0
16834,cust16834@gmail.com,Funds,3.5
16835,cust16835@gmail.com,Securities,5.0
16836,cust16836@gmail.com,Saving Account,4.5
16838,cust16838@gmail.com,Junior Account,5.0
16839,cust16839@gmail.com,Funds,3.5
16841,cust16841@gmail.com,particular Plus Account,4.0
16842,cust16842@gmail.com,Direct Debit,4.0
16843,cust16843@gmail.com,Securities,3.0
16844,cust16844@gmail.com,Saving Account,2.0
16846,cust16846@gmail.com,Direct Debit,4.0
16848,cust16848@gmail.com,Direct Debit,3.5
16849,cust16849@gmail.com,Pensions,4.0
16850,cust16850@gmail.com,Pensions,5.0
16851,cust16851@gmail.com,Payroll Account,5.0
16853,cust16853@gmail.com,e-account,2.5
16854,cust16854@gmail.com,e-account,4.5
16857,cust16857@gmail.com,Securities,3.0
16861,cust16861@gmail.com,Junior Account,3.0
16863,cust16863@gmail.com,Securities,3.5
16866,cust16866@gmail.com,Taxes,2.0
16867,cust16867@gmail.com,particular Plus Account,4.0
16868,cust16868@gmail.com,Home Account,4.0
16869,cust16869@gmail.com,Credit Card,3.5
16871,cust16871@gmail.com,Junior Account,3.0
16873,cust16873@gmail.com,Saving Account,3.5
16877,cust16877@gmail.com,Credit Card,3.0
16880,cust16880@gmail.com,Home Account,5.0
16882,cust16882@gmail.com,Current Accounts,2.0
16883,cust16883@gmail.com,e-account,2.0
16886,cust16886@gmail.com,Guarantees,3.5
16889,cust16889@gmail.com,Taxes,4.5
16890,cust16890@gmail.com,Securities,5.0
16892,cust16892@gmail.com,Current Accounts,2.5
16894,cust16894@gmail.com,Loans,3.5
16895,cust16895@gmail.com,Home Account,3.5
16898,cust16898@gmail.com,Mas particular Account,3.0
16899,cust16899@gmail.com,Short-term deposits,3.0
16901,cust16901@gmail.com,Medium-term deposits,4.5
16903,cust16903@gmail.com,particular Account,5.0
16905,cust16905@gmail.com,particular Account,5.0
16906,cust16906@gmail.com,Medium-term deposits,5.0
16908,cust16908@gmail.com,Loans,4.0
16909,cust16909@gmail.com,Home Account,5.0
16910,cust16910@gmail.com,e-account,4.0
16912,cust16912@gmail.com,Derivada Account,2.5
16914,cust16914@gmail.com,Direct Debit,2.0
16917,cust16917@gmail.com,Payroll Account,4.0
16918,cust16918@gmail.com,Guarantees,2.0
16919,cust16919@gmail.com,Junior Account,4.0
16925,cust16925@gmail.com,e-account,4.5
16926,cust16926@gmail.com,Pensions,1.0
16927,cust16927@gmail.com,Long-term deposits,5.0
16930,cust16930@gmail.com,Securities,4.0
16931,cust16931@gmail.com,Medium-term deposits,1.5
16934,cust16934@gmail.com,Long-term deposits,5.0
16935,cust16935@gmail.com,particular Plus Account,5.0
16936,cust16936@gmail.com,Saving Account,2.5
16938,cust16938@gmail.com,Derivada Account,1.0
16940,cust16940@gmail.com,e-account,3.5
16943,cust16943@gmail.com,e-account,2.0
16944,cust16944@gmail.com,Guarantees,3.0
16946,cust16946@gmail.com,Guarantees,5.0
16952,cust16952@gmail.com,e-account,4.0
16953,cust16953@gmail.com,Medium-term deposits,3.5
16954,cust16954@gmail.com,Pensions,3.5
16956,cust16956@gmail.com,Pensions,4.5
16958,cust16958@gmail.com,Long-term deposits,2.0
16959,cust16959@gmail.com,particular Account,4.0
16962,cust16962@gmail.com,Derivada Account,4.0
16970,cust16970@gmail.com,Current Accounts,3.0
16972,cust16972@gmail.com,Junior Account,2.5
16973,cust16973@gmail.com,Securities,3.5
16974,cust16974@gmail.com,Mas particular Account,4.0
16975,cust16975@gmail.com,Payroll,2.5
16976,cust16976@gmail.com,Mortgage,2.5
16977,cust16977@gmail.com,Home Account,4.0
16978,cust16978@gmail.com,Guarantees,2.0
16979,cust16979@gmail.com,Mortgage,3.0
16981,cust16981@gmail.com,Pensions,3.5
16983,cust16983@gmail.com,Pensions,5.0
16984,cust16984@gmail.com,Current Accounts,3.0
16985,cust16985@gmail.com,Long-term deposits,3.0
16986,cust16986@gmail.com,Pensions,3.0
16987,cust16987@gmail.com,e-account,4.0
16988,cust16988@gmail.com,Pensions,4.0
16990,cust16990@gmail.com,Payroll Account,4.0
16992,cust16992@gmail.com,Derivada Account,4.5
16995,cust16995@gmail.com,Mortgage,4.0
16998,cust16998@gmail.com,Pensions,5.0
16999,cust16999@gmail.com,Pensions,4.5
17001,cust17001@gmail.com,Payroll Account,3.0
17004,cust17004@gmail.com,Credit Card,3.5
17006,cust17006@gmail.com,Junior Account,5.0
17007,cust17007@gmail.com,Mortgage,5.0
17008,cust17008@gmail.com,Loans,5.0
17010,cust17010@gmail.com,Derivada Account,4.0
17011,cust17011@gmail.com,Mas particular Account,5.0
17012,cust17012@gmail.com,Pensions,4.0
17013,cust17013@gmail.com,Loans,2.5
17014,cust17014@gmail.com,Short-term deposits,3.0
17015,cust17015@gmail.com,Pensions,4.0
17016,cust17016@gmail.com,Home Account,4.0
17017,cust17017@gmail.com,Direct Debit,3.5
17022,cust17022@gmail.com,Pensions,3.0
17025,cust17025@gmail.com,Junior Account,3.5
17026,cust17026@gmail.com,Funds,4.0
17027,cust17027@gmail.com,Loans,4.0
17029,cust17029@gmail.com,Mas particular Account,2.5
17031,cust17031@gmail.com,Long-term deposits,4.0
17032,cust17032@gmail.com,Guarantees,5.0
17034,cust17034@gmail.com,Junior Account,4.0
17035,cust17035@gmail.com,Medium-term deposits,5.0
17039,cust17039@gmail.com,particular Plus Account,3.5
17041,cust17041@gmail.com,Funds,2.5
17042,cust17042@gmail.com,Medium-term deposits,3.5
17043,cust17043@gmail.com,Home Account,5.0
17044,cust17044@gmail.com,Payroll,4.0
17045,cust17045@gmail.com,Derivada Account,4.0
17046,cust17046@gmail.com,Loans,4.0
17047,cust17047@gmail.com,Mortgage,4.5
17049,cust17049@gmail.com,e-account,3.0
17051,cust17051@gmail.com,Direct Debit,4.5
17056,cust17056@gmail.com,Mas particular Account,4.0
17058,cust17058@gmail.com,Guarantees,4.0
17059,cust17059@gmail.com,Mortgage,2.0
17062,cust17062@gmail.com,Mas particular Account,4.0
17063,cust17063@gmail.com,Medium-term deposits,4.0
17064,cust17064@gmail.com,Pensions,4.5
17065,cust17065@gmail.com,Pensions,3.5
17067,cust17067@gmail.com,particular Plus Account,5.0
17069,cust17069@gmail.com,Current Accounts,2.0
17071,cust17071@gmail.com,particular Plus Account,5.0
17072,cust17072@gmail.com,Derivada Account,2.5
17074,cust17074@gmail.com,Securities,3.5
17075,cust17075@gmail.com,Credit Card,3.5
17076,cust17076@gmail.com,Medium-term deposits,4.0
17077,cust17077@gmail.com,Guarantees,5.0
17079,cust17079@gmail.com,Credit Card,5.0
17080,cust17080@gmail.com,Payroll,3.0
17085,cust17085@gmail.com,Junior Account,3.0
17086,cust17086@gmail.com,Payroll Account,5.0
17088,cust17088@gmail.com,Payroll,4.5
17091,cust17091@gmail.com,Short-term deposits,3.5
17094,cust17094@gmail.com,Home Account,4.0
17095,cust17095@gmail.com,Pensions,4.0
17098,cust17098@gmail.com,Payroll,4.0
17099,cust17099@gmail.com,Payroll,2.5
17100,cust17100@gmail.com,Medium-term deposits,3.0
17101,cust17101@gmail.com,particular Plus Account,3.5
17102,cust17102@gmail.com,Long-term deposits,5.0
17103,cust17103@gmail.com,Current Accounts,3.0
17105,cust17105@gmail.com,Short-term deposits,4.0
17106,cust17106@gmail.com,e-account,5.0
17109,cust17109@gmail.com,Mortgage,3.5
17110,cust17110@gmail.com,Current Accounts,4.0
17114,cust17114@gmail.com,Pensions,2.0
17116,cust17116@gmail.com,Pensions,4.5
17118,cust17118@gmail.com,Pensions,4.0
17120,cust17120@gmail.com,particular Account,3.0
17121,cust17121@gmail.com,Current Accounts,5.0
17122,cust17122@gmail.com,particular Account,2.5
17125,cust17125@gmail.com,Saving Account,2.0
17135,cust17135@gmail.com,Home Account,2.0
17139,cust17139@gmail.com,Pensions,3.0
17141,cust17141@gmail.com,Funds,4.0
17143,cust17143@gmail.com,Mortgage,3.0
17144,cust17144@gmail.com,Taxes,4.0
17146,cust17146@gmail.com,Securities,2.0
17147,cust17147@gmail.com,Pensions,3.0
17150,cust17150@gmail.com,Payroll Account,4.0
17151,cust17151@gmail.com,Saving Account,3.5
17152,cust17152@gmail.com,Pensions,3.0
17154,cust17154@gmail.com,Derivada Account,4.5
17155,cust17155@gmail.com,Credit Card,4.0
17158,cust17158@gmail.com,particular Plus Account,4.0
17160,cust17160@gmail.com,Mas particular Account,4.0
17162,cust17162@gmail.com,Loans,4.0
17163,cust17163@gmail.com,Current Accounts,3.0
17166,cust17166@gmail.com,particular Plus Account,5.0
17170,cust17170@gmail.com,Derivada Account,4.5
17171,cust17171@gmail.com,Medium-term deposits,1.5
17173,cust17173@gmail.com,Home Account,4.0
17174,cust17174@gmail.com,Payroll Account,3.0
17176,cust17176@gmail.com,Loans,5.0
17180,cust17180@gmail.com,Guarantees,3.5
17183,cust17183@gmail.com,Securities,4.5
17184,cust17184@gmail.com,e-account,3.5
17186,cust17186@gmail.com,Pensions,4.0
17188,cust17188@gmail.com,Home Account,4.0
17189,cust17189@gmail.com,Funds,4.0
17193,cust17193@gmail.com,Payroll,3.0
17194,cust17194@gmail.com,Junior Account,3.5
17195,cust17195@gmail.com,Short-term deposits,4.0
17196,cust17196@gmail.com,Derivada Account,4.0
17198,cust17198@gmail.com,Securities,4.0
17199,cust17199@gmail.com,Long-term deposits,4.0
17201,cust17201@gmail.com,Junior Account,5.0
17202,cust17202@gmail.com,Saving Account,2.5
17203,cust17203@gmail.com,Payroll Account,3.0
17204,cust17204@gmail.com,Payroll Account,4.0
17206,cust17206@gmail.com,Securities,4.0
17210,cust17210@gmail.com,Short-term deposits,4.0
17211,cust17211@gmail.com,Short-term deposits,3.0
17214,cust17214@gmail.com,Derivada Account,4.0
17215,cust17215@gmail.com,particular Account,4.0
17217,cust17217@gmail.com,Loans,4.5
17218,cust17218@gmail.com,Short-term deposits,3.5
17219,cust17219@gmail.com,Securities,5.0
17220,cust17220@gmail.com,Derivada Account,5.0
17222,cust17222@gmail.com,Payroll,2.0
17223,cust17223@gmail.com,Long-term deposits,5.0
17224,cust17224@gmail.com,Credit Card,5.0
17226,cust17226@gmail.com,Mas particular Account,5.0
17227,cust17227@gmail.com,Taxes,4.0
17229,cust17229@gmail.com,Home Account,3.5
17230,cust17230@gmail.com,Direct Debit,2.0
17231,cust17231@gmail.com,Funds,2.0
17232,cust17232@gmail.com,Taxes,4.5
17234,cust17234@gmail.com,e-account,0.5
17235,cust17235@gmail.com,Loans,5.0
17236,cust17236@gmail.com,Saving Account,3.0
17238,cust17238@gmail.com,Medium-term deposits,5.0
17239,cust17239@gmail.com,Home Account,4.5
17241,cust17241@gmail.com,Mas particular Account,3.5
17243,cust17243@gmail.com,Credit Card,3.0
17245,cust17245@gmail.com,Mortgage,4.0
17246,cust17246@gmail.com,particular Plus Account,4.0
17248,cust17248@gmail.com,Payroll,4.0
17250,cust17250@gmail.com,Guarantees,4.0
17251,cust17251@gmail.com,Taxes,4.0
17254,cust17254@gmail.com,Pensions,4.0
17258,cust17258@gmail.com,Short-term deposits,3.0
17262,cust17262@gmail.com,Short-term deposits,4.5
17263,cust17263@gmail.com,e-account,2.0
17265,cust17265@gmail.com,Securities,5.0
17267,cust17267@gmail.com,Payroll Account,3.0
17269,cust17269@gmail.com,Funds,4.0
17271,cust17271@gmail.com,particular Account,3.5
17272,cust17272@gmail.com,Junior Account,3.0
17274,cust17274@gmail.com,Payroll Account,5.0
17275,cust17275@gmail.com,Pensions,3.0
17277,cust17277@gmail.com,Credit Card,4.5
17279,cust17279@gmail.com,Credit Card,5.0
17280,cust17280@gmail.com,Home Account,3.5
17281,cust17281@gmail.com,Mortgage,4.0
17282,cust17282@gmail.com,Pensions,3.5
17284,cust17284@gmail.com,Securities,3.0
17285,cust17285@gmail.com,Taxes,3.0
17286,cust17286@gmail.com,Pensions,4.0
17289,cust17289@gmail.com,Short-term deposits,3.0
17290,cust17290@gmail.com,Long-term deposits,3.0
17292,cust17292@gmail.com,Securities,2.0
17295,cust17295@gmail.com,Short-term deposits,4.0
17297,cust17297@gmail.com,Mortgage,4.0
17298,cust17298@gmail.com,Guarantees,5.0
17299,cust17299@gmail.com,Funds,3.0
17300,cust17300@gmail.com,Current Accounts,4.5
17304,cust17304@gmail.com,particular Plus Account,3.5
17306,cust17306@gmail.com,Mas particular Account,5.0
17310,cust17310@gmail.com,Mas particular Account,2.0
17312,cust17312@gmail.com,Saving Account,3.0
17316,cust17316@gmail.com,Credit Card,3.5
17318,cust17318@gmail.com,Mortgage,4.0
17322,cust17322@gmail.com,Saving Account,5.0
17323,cust17323@gmail.com,Securities,4.0
17324,cust17324@gmail.com,e-account,4.0
17325,cust17325@gmail.com,Payroll Account,5.0
17326,cust17326@gmail.com,Pensions,4.5
17329,cust17329@gmail.com,particular Account,3.0
17330,cust17330@gmail.com,Short-term deposits,3.5
17332,cust17332@gmail.com,Mas particular Account,3.5
17333,cust17333@gmail.com,Mortgage,3.5
17334,cust17334@gmail.com,Taxes,4.5
17335,cust17335@gmail.com,Saving Account,3.0
17337,cust17337@gmail.com,Pensions,2.0
17338,cust17338@gmail.com,Mortgage,3.5
17340,cust17340@gmail.com,Funds,1.0
17342,cust17342@gmail.com,Short-term deposits,4.0
17344,cust17344@gmail.com,Funds,4.0
17345,cust17345@gmail.com,particular Plus Account,4.5
17347,cust17347@gmail.com,e-account,1.5
17350,cust17350@gmail.com,Current Accounts,4.5
17351,cust17351@gmail.com,particular Account,2.0
17353,cust17353@gmail.com,Short-term deposits,3.5
17355,cust17355@gmail.com,Guarantees,3.0
17356,cust17356@gmail.com,Direct Debit,1.0
17359,cust17359@gmail.com,Payroll Account,4.0
17360,cust17360@gmail.com,Long-term deposits,4.0
17361,cust17361@gmail.com,Credit Card,4.0
17362,cust17362@gmail.com,Guarantees,5.0
17364,cust17364@gmail.com,Direct Debit,3.0
17366,cust17366@gmail.com,Long-term deposits,3.5
17367,cust17367@gmail.com,Saving Account,4.5
17368,cust17368@gmail.com,Mortgage,1.0
17370,cust17370@gmail.com,Current Accounts,5.0
17371,cust17371@gmail.com,Mortgage,3.5
17372,cust17372@gmail.com,Mortgage,3.5
17373,cust17373@gmail.com,Short-term deposits,4.0
17374,cust17374@gmail.com,Taxes,4.5
17376,cust17376@gmail.com,Saving Account,3.0
17378,cust17378@gmail.com,Junior Account,4.0
17379,cust17379@gmail.com,Pensions,2.5
17380,cust17380@gmail.com,Current Accounts,0.5
17381,cust17381@gmail.com,Mas particular Account,3.0
17383,cust17383@gmail.com,Taxes,2.5
17385,cust17385@gmail.com,Guarantees,2.0
17387,cust17387@gmail.com,Payroll,4.0
17389,cust17389@gmail.com,Medium-term deposits,4.0
17393,cust17393@gmail.com,Junior Account,4.5
17398,cust17398@gmail.com,Home Account,4.0
17401,cust17401@gmail.com,Saving Account,4.0
17403,cust17403@gmail.com,particular Plus Account,5.0
17404,cust17404@gmail.com,Medium-term deposits,5.0
17405,cust17405@gmail.com,Guarantees,4.5
17408,cust17408@gmail.com,Saving Account,2.0
17410,cust17410@gmail.com,Loans,3.0
17412,cust17412@gmail.com,Short-term deposits,3.0
17414,cust17414@gmail.com,Guarantees,4.0
17415,cust17415@gmail.com,e-account,2.0
17417,cust17417@gmail.com,Junior Account,5.0
17418,cust17418@gmail.com,Derivada Account,5.0
17421,cust17421@gmail.com,Guarantees,4.0
17422,cust17422@gmail.com,Guarantees,3.0
17425,cust17425@gmail.com,Funds,3.0
17426,cust17426@gmail.com,Securities,5.0
17428,cust17428@gmail.com,Short-term deposits,4.0
17429,cust17429@gmail.com,Pensions,5.0
17430,cust17430@gmail.com,Taxes,1.5
17432,cust17432@gmail.com,Taxes,4.0
17433,cust17433@gmail.com,Taxes,3.0
17434,cust17434@gmail.com,Home Account,3.0
17437,cust17437@gmail.com,Current Accounts,5.0
17439,cust17439@gmail.com,Pensions,5.0
17440,cust17440@gmail.com,Payroll,3.0
17441,cust17441@gmail.com,Mortgage,3.0
17443,cust17443@gmail.com,Home Account,5.0
17447,cust17447@gmail.com,Short-term deposits,5.0
17451,cust17451@gmail.com,Securities,2.5
17453,cust17453@gmail.com,Payroll Account,3.0
17454,cust17454@gmail.com,Guarantees,4.5
17455,cust17455@gmail.com,Long-term deposits,2.5
17457,cust17457@gmail.com,Loans,4.0
17458,cust17458@gmail.com,Derivada Account,4.0
17459,cust17459@gmail.com,e-account,4.0
17462,cust17462@gmail.com,Guarantees,5.0
17465,cust17465@gmail.com,Guarantees,4.0
17466,cust17466@gmail.com,Long-term deposits,4.0
17471,cust17471@gmail.com,particular Plus Account,3.0
17473,cust17473@gmail.com,Taxes,3.0
17476,cust17476@gmail.com,Medium-term deposits,2.0
17477,cust17477@gmail.com,Payroll,2.5
17478,cust17478@gmail.com,Current Accounts,4.0
17479,cust17479@gmail.com,particular Plus Account,4.0
17480,cust17480@gmail.com,Home Account,5.0
17482,cust17482@gmail.com,Securities,4.0
17483,cust17483@gmail.com,particular Plus Account,4.0
17484,cust17484@gmail.com,Credit Card,4.5
17488,cust17488@gmail.com,Saving Account,3.5
17489,cust17489@gmail.com,Short-term deposits,4.0
17490,cust17490@gmail.com,particular Plus Account,2.5
17491,cust17491@gmail.com,Current Accounts,3.0
17493,cust17493@gmail.com,particular Plus Account,4.0
17495,cust17495@gmail.com,Taxes,4.0
17496,cust17496@gmail.com,Junior Account,3.0
17498,cust17498@gmail.com,Derivada Account,5.0
17501,cust17501@gmail.com,e-account,4.5
17505,cust17505@gmail.com,particular Account,1.0
17506,cust17506@gmail.com,Credit Card,4.0
17507,cust17507@gmail.com,Saving Account,5.0
17510,cust17510@gmail.com,Mas particular Account,5.0
17514,cust17514@gmail.com,Home Account,5.0
17515,cust17515@gmail.com,e-account,3.0
17517,cust17517@gmail.com,Guarantees,5.0
17518,cust17518@gmail.com,Mas particular Account,4.0
17519,cust17519@gmail.com,Mas particular Account,5.0
17521,cust17521@gmail.com,Junior Account,4.0
17522,cust17522@gmail.com,Derivada Account,3.5
17523,cust17523@gmail.com,Pensions,4.0
17525,cust17525@gmail.com,Long-term deposits,4.0
17526,cust17526@gmail.com,Guarantees,3.5
17527,cust17527@gmail.com,Direct Debit,0.5
17528,cust17528@gmail.com,Payroll Account,3.0
17529,cust17529@gmail.com,e-account,4.5
17532,cust17532@gmail.com,Medium-term deposits,3.5
17533,cust17533@gmail.com,Mas particular Account,4.0
17534,cust17534@gmail.com,Home Account,3.0
17535,cust17535@gmail.com,Credit Card,4.0
17536,cust17536@gmail.com,Guarantees,3.0
17541,cust17541@gmail.com,Junior Account,3.0
17543,cust17543@gmail.com,Current Accounts,3.0
17544,cust17544@gmail.com,Payroll,4.5
17545,cust17545@gmail.com,Junior Account,4.0
17548,cust17548@gmail.com,Direct Debit,4.0
17549,cust17549@gmail.com,Short-term deposits,3.0
17550,cust17550@gmail.com,Pensions,3.5
17551,cust17551@gmail.com,Funds,4.0
17552,cust17552@gmail.com,Taxes,3.0
17554,cust17554@gmail.com,Short-term deposits,4.0
17556,cust17556@gmail.com,Payroll,4.0
17558,cust17558@gmail.com,Medium-term deposits,3.5
17559,cust17559@gmail.com,Pensions,4.0
17560,cust17560@gmail.com,Home Account,5.0
17561,cust17561@gmail.com,Securities,5.0
17565,cust17565@gmail.com,Current Accounts,2.0
17567,cust17567@gmail.com,Direct Debit,3.0
17570,cust17570@gmail.com,e-account,3.0
17571,cust17571@gmail.com,Pensions,4.0
17574,cust17574@gmail.com,Long-term deposits,5.0
17576,cust17576@gmail.com,Current Accounts,5.0
17579,cust17579@gmail.com,particular Account,2.5
17580,cust17580@gmail.com,e-account,3.5
17583,cust17583@gmail.com,Saving Account,4.0
17584,cust17584@gmail.com,Short-term deposits,3.0
17586,cust17586@gmail.com,Derivada Account,3.5
17587,cust17587@gmail.com,Pensions,4.5
17588,cust17588@gmail.com,Guarantees,4.0
17590,cust17590@gmail.com,Junior Account,3.0
17591,cust17591@gmail.com,Current Accounts,3.5
17593,cust17593@gmail.com,Taxes,5.0
17594,cust17594@gmail.com,Junior Account,2.5
17595,cust17595@gmail.com,Payroll Account,5.0
17596,cust17596@gmail.com,Payroll Account,4.0
17598,cust17598@gmail.com,Pensions,4.5
17600,cust17600@gmail.com,Long-term deposits,2.5
17601,cust17601@gmail.com,Long-term deposits,4.5
17602,cust17602@gmail.com,Pensions,5.0
17604,cust17604@gmail.com,Payroll Account,4.0
17606,cust17606@gmail.com,Current Accounts,3.0
17607,cust17607@gmail.com,Funds,5.0
17608,cust17608@gmail.com,Saving Account,4.0
17612,cust17612@gmail.com,Mortgage,5.0
17613,cust17613@gmail.com,Direct Debit,3.0
17614,cust17614@gmail.com,Mortgage,5.0
17615,cust17615@gmail.com,Derivada Account,4.0
17617,cust17617@gmail.com,Pensions,2.0
17619,cust17619@gmail.com,Credit Card,4.5
17621,cust17621@gmail.com,Securities,3.0
17622,cust17622@gmail.com,e-account,5.0
17624,cust17624@gmail.com,Mas particular Account,4.0
17626,cust17626@gmail.com,Home Account,3.0
17627,cust17627@gmail.com,Pensions,5.0
17632,cust17632@gmail.com,Mas particular Account,3.0
17633,cust17633@gmail.com,Derivada Account,4.0
17634,cust17634@gmail.com,Loans,3.0
17635,cust17635@gmail.com,Securities,3.0
17636,cust17636@gmail.com,Pensions,2.0
17639,cust17639@gmail.com,Medium-term deposits,4.0
17640,cust17640@gmail.com,Payroll,4.0
17642,cust17642@gmail.com,Direct Debit,5.0
17643,cust17643@gmail.com,Funds,4.0
17645,cust17645@gmail.com,Securities,4.5
17648,cust17648@gmail.com,Current Accounts,5.0
17649,cust17649@gmail.com,Current Accounts,4.0
17651,cust17651@gmail.com,Current Accounts,5.0
17653,cust17653@gmail.com,Credit Card,4.0
17654,cust17654@gmail.com,Medium-term deposits,3.0
17655,cust17655@gmail.com,Funds,2.5
17656,cust17656@gmail.com,Loans,4.0
17657,cust17657@gmail.com,Securities,3.5
17658,cust17658@gmail.com,Derivada Account,4.0
17659,cust17659@gmail.com,Loans,5.0
17661,cust17661@gmail.com,e-account,5.0
17663,cust17663@gmail.com,Medium-term deposits,4.0
17664,cust17664@gmail.com,Taxes,4.0
17666,cust17666@gmail.com,e-account,3.0
17667,cust17667@gmail.com,Securities,5.0
17669,cust17669@gmail.com,particular Plus Account,5.0
17670,cust17670@gmail.com,Taxes,4.0
17673,cust17673@gmail.com,Guarantees,3.0
17675,cust17675@gmail.com,Medium-term deposits,4.0
17677,cust17677@gmail.com,Short-term deposits,4.0
17678,cust17678@gmail.com,Derivada Account,2.0
17680,cust17680@gmail.com,Mortgage,3.0
17681,cust17681@gmail.com,particular Account,5.0
17682,cust17682@gmail.com,Securities,5.0
17683,cust17683@gmail.com,Junior Account,4.0
17685,cust17685@gmail.com,Guarantees,4.0
17687,cust17687@gmail.com,Current Accounts,4.0
17688,cust17688@gmail.com,Home Account,3.0
17690,cust17690@gmail.com,particular Plus Account,3.0
17691,cust17691@gmail.com,Junior Account,3.5
17692,cust17692@gmail.com,Payroll,3.5
17693,cust17693@gmail.com,Pensions,5.0
17695,cust17695@gmail.com,Taxes,4.0
17698,cust17698@gmail.com,particular Account,3.0
17700,cust17700@gmail.com,Derivada Account,3.5
17701,cust17701@gmail.com,Pensions,3.5
17703,cust17703@gmail.com,particular Plus Account,3.0
17705,cust17705@gmail.com,Junior Account,5.0
17706,cust17706@gmail.com,Loans,3.0
17708,cust17708@gmail.com,Securities,2.0
17709,cust17709@gmail.com,Medium-term deposits,5.0
17710,cust17710@gmail.com,Payroll Account,5.0
17711,cust17711@gmail.com,Pensions,1.0
17712,cust17712@gmail.com,Pensions,4.0
17713,cust17713@gmail.com,Pensions,4.0
17714,cust17714@gmail.com,Current Accounts,3.0
17716,cust17716@gmail.com,Derivada Account,2.0
17718,cust17718@gmail.com,particular Plus Account,4.0
17719,cust17719@gmail.com,Pensions,5.0
17720,cust17720@gmail.com,Direct Debit,4.0
17723,cust17723@gmail.com,Short-term deposits,3.5
17726,cust17726@gmail.com,Mas particular Account,5.0
17728,cust17728@gmail.com,e-account,5.0
17733,cust17733@gmail.com,Junior Account,4.0
17734,cust17734@gmail.com,Mortgage,4.0
17735,cust17735@gmail.com,Mas particular Account,5.0
17736,cust17736@gmail.com,Mas particular Account,2.0
17740,cust17740@gmail.com,Direct Debit,4.0
17741,cust17741@gmail.com,particular Account,4.0
17742,cust17742@gmail.com,Long-term deposits,4.0
17743,cust17743@gmail.com,Derivada Account,5.0
17744,cust17744@gmail.com,Derivada Account,4.0
17746,cust17746@gmail.com,Taxes,5.0
17747,cust17747@gmail.com,Medium-term deposits,5.0
17750,cust17750@gmail.com,Loans,4.0
17755,cust17755@gmail.com,Derivada Account,3.0
17759,cust17759@gmail.com,Medium-term deposits,2.0
17764,cust17764@gmail.com,Saving Account,3.0
17768,cust17768@gmail.com,Taxes,3.0
17769,cust17769@gmail.com,Pensions,5.0
17770,cust17770@gmail.com,Medium-term deposits,5.0
17775,cust17775@gmail.com,Securities,5.0
17776,cust17776@gmail.com,Long-term deposits,4.5
17777,cust17777@gmail.com,Long-term deposits,2.5
17784,cust17784@gmail.com,Home Account,2.0
17790,cust17790@gmail.com,Saving Account,4.0
17792,cust17792@gmail.com,Home Account,3.5
17795,cust17795@gmail.com,Credit Card,4.5
17796,cust17796@gmail.com,Junior Account,3.0
17798,cust17798@gmail.com,Mortgage,5.0
17799,cust17799@gmail.com,Pensions,4.5
17800,cust17800@gmail.com,Mortgage,5.0
17801,cust17801@gmail.com,Mortgage,4.0
17803,cust17803@gmail.com,Guarantees,4.0
17805,cust17805@gmail.com,Pensions,3.5
17806,cust17806@gmail.com,Funds,5.0
17807,cust17807@gmail.com,Mortgage,4.0
17808,cust17808@gmail.com,Payroll,4.5
17809,cust17809@gmail.com,Pensions,4.0
17810,cust17810@gmail.com,Payroll,5.0
17811,cust17811@gmail.com,Securities,5.0
17813,cust17813@gmail.com,Pensions,3.0
17814,cust17814@gmail.com,Junior Account,3.5
17815,cust17815@gmail.com,Medium-term deposits,3.0
17816,cust17816@gmail.com,Mortgage,3.0
17819,cust17819@gmail.com,Securities,3.5
17820,cust17820@gmail.com,Taxes,5.0
17824,cust17824@gmail.com,Mortgage,3.0
17826,cust17826@gmail.com,Payroll Account,3.5
17828,cust17828@gmail.com,Direct Debit,4.0
17830,cust17830@gmail.com,Derivada Account,3.0
17836,cust17836@gmail.com,Securities,5.0
17837,cust17837@gmail.com,Pensions,4.0
17841,cust17841@gmail.com,Loans,3.5
17842,cust17842@gmail.com,Pensions,3.0
17843,cust17843@gmail.com,Payroll Account,4.0
17844,cust17844@gmail.com,e-account,4.5
17845,cust17845@gmail.com,Home Account,4.0
17846,cust17846@gmail.com,Mortgage,4.0
17848,cust17848@gmail.com,Saving Account,3.5
17852,cust17852@gmail.com,Payroll Account,4.5
17854,cust17854@gmail.com,Medium-term deposits,3.5
17855,cust17855@gmail.com,Pensions,1.5
17857,cust17857@gmail.com,Home Account,3.0
17859,cust17859@gmail.com,Saving Account,3.0
17860,cust17860@gmail.com,Saving Account,3.0
17861,cust17861@gmail.com,Junior Account,5.0
17863,cust17863@gmail.com,Long-term deposits,3.5
17864,cust17864@gmail.com,Payroll Account,2.0
17866,cust17866@gmail.com,Mas particular Account,3.5
17869,cust17869@gmail.com,Taxes,4.0
17871,cust17871@gmail.com,Junior Account,1.0
17873,cust17873@gmail.com,Short-term deposits,3.0
17875,cust17875@gmail.com,Long-term deposits,4.0
17877,cust17877@gmail.com,Saving Account,5.0
17878,cust17878@gmail.com,Credit Card,5.0
17882,cust17882@gmail.com,Home Account,4.5
17884,cust17884@gmail.com,Junior Account,4.0
17886,cust17886@gmail.com,Mas particular Account,4.5
17888,cust17888@gmail.com,particular Account,4.0
17891,cust17891@gmail.com,Pensions,3.5
17895,cust17895@gmail.com,Guarantees,2.0
17896,cust17896@gmail.com,Pensions,3.0
17898,cust17898@gmail.com,Pensions,4.0
17900,cust17900@gmail.com,Derivada Account,3.0
17903,cust17903@gmail.com,Payroll,3.0
17904,cust17904@gmail.com,Mortgage,4.0
17905,cust17905@gmail.com,Loans,5.0
17908,cust17908@gmail.com,Medium-term deposits,4.0
17909,cust17909@gmail.com,Pensions,3.5
17911,cust17911@gmail.com,Credit Card,5.0
17912,cust17912@gmail.com,Junior Account,4.0
17913,cust17913@gmail.com,Credit Card,4.0
17914,cust17914@gmail.com,Pensions,4.0
17916,cust17916@gmail.com,Loans,3.0
17918,cust17918@gmail.com,Current Accounts,3.5
17920,cust17920@gmail.com,Guarantees,4.0
17921,cust17921@gmail.com,Securities,4.5
17923,cust17923@gmail.com,Pensions,4.0
17924,cust17924@gmail.com,Medium-term deposits,4.0
17927,cust17927@gmail.com,Derivada Account,4.5
17928,cust17928@gmail.com,Medium-term deposits,4.0
17930,cust17930@gmail.com,particular Account,3.0
17931,cust17931@gmail.com,Short-term deposits,4.5
17932,cust17932@gmail.com,Pensions,3.5
17933,cust17933@gmail.com,Derivada Account,3.0
17934,cust17934@gmail.com,Medium-term deposits,4.0
17935,cust17935@gmail.com,Mas particular Account,3.0
17936,cust17936@gmail.com,Taxes,4.0
17937,cust17937@gmail.com,Saving Account,2.5
17939,cust17939@gmail.com,Saving Account,2.0
17940,cust17940@gmail.com,Mortgage,3.5
17942,cust17942@gmail.com,Home Account,3.5
17943,cust17943@gmail.com,Derivada Account,5.0
17944,cust17944@gmail.com,Short-term deposits,4.5
17946,cust17946@gmail.com,Pensions,4.0
17950,cust17950@gmail.com,Guarantees,4.0
17951,cust17951@gmail.com,e-account,3.0
17952,cust17952@gmail.com,Payroll,3.5
17954,cust17954@gmail.com,Pensions,3.0
17955,cust17955@gmail.com,Short-term deposits,2.0
17956,cust17956@gmail.com,Current Accounts,4.0
17957,cust17957@gmail.com,Payroll Account,4.0
17958,cust17958@gmail.com,Mas particular Account,5.0
17959,cust17959@gmail.com,Junior Account,4.0
17960,cust17960@gmail.com,Mas particular Account,4.5
17961,cust17961@gmail.com,Current Accounts,3.0
17962,cust17962@gmail.com,e-account,3.5
17963,cust17963@gmail.com,Junior Account,3.0
17964,cust17964@gmail.com,Taxes,3.5
17965,cust17965@gmail.com,Funds,5.0
17966,cust17966@gmail.com,Medium-term deposits,3.0
17967,cust17967@gmail.com,Medium-term deposits,2.0
17969,cust17969@gmail.com,Medium-term deposits,5.0
17970,cust17970@gmail.com,Pensions,0.5
17971,cust17971@gmail.com,Mortgage,4.0
17973,cust17973@gmail.com,Long-term deposits,3.0
17975,cust17975@gmail.com,Direct Debit,4.0
17977,cust17977@gmail.com,Pensions,3.0
17978,cust17978@gmail.com,Taxes,3.5
17979,cust17979@gmail.com,Credit Card,5.0
17980,cust17980@gmail.com,Securities,4.5
17981,cust17981@gmail.com,Securities,3.5
17983,cust17983@gmail.com,Pensions,5.0
17984,cust17984@gmail.com,particular Account,4.0
17985,cust17985@gmail.com,Home Account,4.0
17986,cust17986@gmail.com,Short-term deposits,4.0
17989,cust17989@gmail.com,Medium-term deposits,5.0
17990,cust17990@gmail.com,Pensions,2.0
17993,cust17993@gmail.com,Payroll,3.5
17994,cust17994@gmail.com,Payroll,3.0
17995,cust17995@gmail.com,Credit Card,5.0
17996,cust17996@gmail.com,Derivada Account,5.0
17997,cust17997@gmail.com,Loans,2.0
17999,cust17999@gmail.com,Junior Account,3.5
18001,cust18001@gmail.com,Home Account,3.0
18002,cust18002@gmail.com,Short-term deposits,4.0
18004,cust18004@gmail.com,Current Accounts,4.0
18005,cust18005@gmail.com,Payroll,2.5
18007,cust18007@gmail.com,Guarantees,5.0
18009,cust18009@gmail.com,Medium-term deposits,4.0
18010,cust18010@gmail.com,Mas particular Account,3.5
18013,cust18013@gmail.com,Long-term deposits,4.0
18014,cust18014@gmail.com,Funds,4.5
18015,cust18015@gmail.com,Saving Account,4.0
18017,cust18017@gmail.com,Junior Account,3.0
18024,cust18024@gmail.com,Pensions,3.5
18026,cust18026@gmail.com,Short-term deposits,4.0
18028,cust18028@gmail.com,Medium-term deposits,3.5
18029,cust18029@gmail.com,Credit Card,4.0
18030,cust18030@gmail.com,Taxes,0.5
18031,cust18031@gmail.com,Mas particular Account,0.5
18032,cust18032@gmail.com,Home Account,4.0
18033,cust18033@gmail.com,Current Accounts,5.0
18035,cust18035@gmail.com,Pensions,2.0
18036,cust18036@gmail.com,Direct Debit,4.0
18037,cust18037@gmail.com,Home Account,2.0
18039,cust18039@gmail.com,Direct Debit,4.0
18040,cust18040@gmail.com,Securities,5.0
18041,cust18041@gmail.com,e-account,4.5
18043,cust18043@gmail.com,Direct Debit,1.5
18044,cust18044@gmail.com,Direct Debit,5.0
18045,cust18045@gmail.com,Pensions,4.0
18046,cust18046@gmail.com,Direct Debit,4.0
18047,cust18047@gmail.com,Mas particular Account,4.0
18054,cust18054@gmail.com,Home Account,3.5
18057,cust18057@gmail.com,particular Plus Account,4.0
18058,cust18058@gmail.com,Credit Card,4.0
18059,cust18059@gmail.com,Mas particular Account,2.5
18060,cust18060@gmail.com,Loans,4.0
18061,cust18061@gmail.com,Payroll,5.0
18064,cust18064@gmail.com,Saving Account,3.5
18065,cust18065@gmail.com,Pensions,3.5
18069,cust18069@gmail.com,Direct Debit,3.0
18070,cust18070@gmail.com,Mortgage,2.0
18071,cust18071@gmail.com,Pensions,5.0
18072,cust18072@gmail.com,Medium-term deposits,3.0
18074,cust18074@gmail.com,Medium-term deposits,5.0
18075,cust18075@gmail.com,Payroll Account,4.0
18076,cust18076@gmail.com,e-account,3.0
18079,cust18079@gmail.com,Direct Debit,3.0
18080,cust18080@gmail.com,Securities,5.0
18082,cust18082@gmail.com,Mortgage,2.0
18083,cust18083@gmail.com,Current Accounts,3.5
18085,cust18085@gmail.com,particular Plus Account,3.5
18086,cust18086@gmail.com,Mortgage,5.0
18087,cust18087@gmail.com,Mortgage,4.0
18088,cust18088@gmail.com,Derivada Account,4.5
18089,cust18089@gmail.com,Payroll,3.0
18090,cust18090@gmail.com,particular Plus Account,3.5
18091,cust18091@gmail.com,Long-term deposits,2.5
18092,cust18092@gmail.com,particular Account,4.5
18093,cust18093@gmail.com,e-account,4.0
18094,cust18094@gmail.com,Medium-term deposits,1.0
18095,cust18095@gmail.com,Long-term deposits,3.0
18098,cust18098@gmail.com,Guarantees,3.5
18099,cust18099@gmail.com,Medium-term deposits,3.5
18100,cust18100@gmail.com,Current Accounts,4.5
18101,cust18101@gmail.com,Current Accounts,4.0
18104,cust18104@gmail.com,Direct Debit,3.0
18105,cust18105@gmail.com,e-account,5.0
18106,cust18106@gmail.com,Short-term deposits,3.5
18109,cust18109@gmail.com,Funds,2.0
18111,cust18111@gmail.com,Current Accounts,4.5
18113,cust18113@gmail.com,Junior Account,4.0
18114,cust18114@gmail.com,Pensions,4.5
18115,cust18115@gmail.com,Medium-term deposits,5.0
18116,cust18116@gmail.com,Mas particular Account,2.5
18117,cust18117@gmail.com,particular Plus Account,3.0
18118,cust18118@gmail.com,Payroll,3.0
18120,cust18120@gmail.com,Short-term deposits,5.0
18121,cust18121@gmail.com,Pensions,3.0
18123,cust18123@gmail.com,Guarantees,1.5
18128,cust18128@gmail.com,particular Account,4.5
18129,cust18129@gmail.com,Mortgage,4.0
18130,cust18130@gmail.com,Current Accounts,5.0
18131,cust18131@gmail.com,Derivada Account,4.5
18132,cust18132@gmail.com,Short-term deposits,5.0
18133,cust18133@gmail.com,Long-term deposits,3.0
18134,cust18134@gmail.com,Junior Account,4.0
18135,cust18135@gmail.com,Payroll,4.0
18137,cust18137@gmail.com,Saving Account,5.0
18138,cust18138@gmail.com,Short-term deposits,4.5
18139,cust18139@gmail.com,Short-term deposits,3.0
18140,cust18140@gmail.com,Loans,4.0
18141,cust18141@gmail.com,Derivada Account,5.0
18144,cust18144@gmail.com,Payroll Account,4.0
18146,cust18146@gmail.com,Funds,3.0
18147,cust18147@gmail.com,Credit Card,3.0
18148,cust18148@gmail.com,Saving Account,3.0
18149,cust18149@gmail.com,Mortgage,1.0
18153,cust18153@gmail.com,Payroll Account,2.0
18155,cust18155@gmail.com,Funds,3.5
18156,cust18156@gmail.com,Funds,2.5
18162,cust18162@gmail.com,Loans,5.0
18164,cust18164@gmail.com,Current Accounts,3.0
18166,cust18166@gmail.com,Derivada Account,3.5
18167,cust18167@gmail.com,Loans,4.0
18168,cust18168@gmail.com,Current Accounts,4.0
18174,cust18174@gmail.com,Mas particular Account,4.0
18176,cust18176@gmail.com,Payroll Account,4.5
18183,cust18183@gmail.com,Mortgage,5.0
18184,cust18184@gmail.com,Funds,4.0
18185,cust18185@gmail.com,Mortgage,2.0
18186,cust18186@gmail.com,Long-term deposits,3.0
18189,cust18189@gmail.com,Direct Debit,4.5
18190,cust18190@gmail.com,Pensions,4.5
18192,cust18192@gmail.com,e-account,4.0
18193,cust18193@gmail.com,Funds,4.5
18194,cust18194@gmail.com,Funds,3.5
18197,cust18197@gmail.com,Long-term deposits,2.0
18199,cust18199@gmail.com,Securities,3.5
18200,cust18200@gmail.com,Long-term deposits,3.5
18201,cust18201@gmail.com,Credit Card,3.0
18203,cust18203@gmail.com,Mortgage,3.0
18204,cust18204@gmail.com,Funds,4.0
18211,cust18211@gmail.com,particular Plus Account,2.5
18215,cust18215@gmail.com,Taxes,5.0
18220,cust18220@gmail.com,Short-term deposits,2.5
18221,cust18221@gmail.com,Credit Card,4.0
18223,cust18223@gmail.com,Payroll Account,5.0
18224,cust18224@gmail.com,particular Plus Account,4.0
18225,cust18225@gmail.com,Direct Debit,4.0
18228,cust18228@gmail.com,Current Accounts,1.5
18231,cust18231@gmail.com,particular Account,3.0
18232,cust18232@gmail.com,Pensions,2.5
18233,cust18233@gmail.com,Home Account,1.0
18234,cust18234@gmail.com,Home Account,3.5
18237,cust18237@gmail.com,Current Accounts,3.5
18238,cust18238@gmail.com,Short-term deposits,4.0
18239,cust18239@gmail.com,Home Account,4.0
18240,cust18240@gmail.com,Payroll Account,3.0
18244,cust18244@gmail.com,Payroll Account,3.5
18245,cust18245@gmail.com,Home Account,4.5
18247,cust18247@gmail.com,Payroll Account,5.0
18249,cust18249@gmail.com,Loans,4.0
18256,cust18256@gmail.com,Home Account,5.0
18259,cust18259@gmail.com,Short-term deposits,4.0
18260,cust18260@gmail.com,Pensions,4.5
18261,cust18261@gmail.com,Payroll,2.0
18262,cust18262@gmail.com,Junior Account,4.0
18264,cust18264@gmail.com,Medium-term deposits,3.5
18265,cust18265@gmail.com,Funds,4.5
18266,cust18266@gmail.com,Pensions,3.0
18269,cust18269@gmail.com,Securities,4.0
18271,cust18271@gmail.com,e-account,4.0
18273,cust18273@gmail.com,Payroll,4.5
18274,cust18274@gmail.com,Pensions,4.0
18275,cust18275@gmail.com,Medium-term deposits,5.0
18278,cust18278@gmail.com,Derivada Account,5.0
18280,cust18280@gmail.com,Pensions,4.0
18281,cust18281@gmail.com,Derivada Account,4.5
18282,cust18282@gmail.com,Pensions,4.0
18284,cust18284@gmail.com,Mortgage,2.5
18285,cust18285@gmail.com,Pensions,4.5
18286,cust18286@gmail.com,Mas particular Account,4.0
18288,cust18288@gmail.com,Short-term deposits,2.5
18289,cust18289@gmail.com,Pensions,4.5
18292,cust18292@gmail.com,particular Account,5.0
18293,cust18293@gmail.com,Home Account,3.5
18294,cust18294@gmail.com,Direct Debit,4.5
18295,cust18295@gmail.com,Securities,4.0
18298,cust18298@gmail.com,Current Accounts,3.0
18299,cust18299@gmail.com,Pensions,3.0
18302,cust18302@gmail.com,Loans,4.0
18303,cust18303@gmail.com,Home Account,3.5
18304,cust18304@gmail.com,Loans,2.0
18306,cust18306@gmail.com,Payroll Account,4.5
18309,cust18309@gmail.com,Guarantees,1.0
18313,cust18313@gmail.com,particular Account,2.5
18314,cust18314@gmail.com,Taxes,4.5
18317,cust18317@gmail.com,Securities,3.5
18318,cust18318@gmail.com,Direct Debit,3.0
18319,cust18319@gmail.com,Credit Card,3.5
18320,cust18320@gmail.com,Saving Account,3.0
18322,cust18322@gmail.com,Credit Card,2.5
18327,cust18327@gmail.com,Payroll Account,4.0
18328,cust18328@gmail.com,Loans,3.0
18330,cust18330@gmail.com,Pensions,5.0
18331,cust18331@gmail.com,Payroll Account,4.5
18332,cust18332@gmail.com,Mortgage,4.0
18333,cust18333@gmail.com,Loans,4.5
18334,cust18334@gmail.com,Home Account,5.0
18338,cust18338@gmail.com,Funds,3.5
18340,cust18340@gmail.com,Derivada Account,3.0
18348,cust18348@gmail.com,Pensions,4.0
18349,cust18349@gmail.com,Payroll Account,5.0
18350,cust18350@gmail.com,Securities,4.0
18351,cust18351@gmail.com,Funds,4.0
18352,cust18352@gmail.com,Direct Debit,4.0
18354,cust18354@gmail.com,Payroll,4.0
18360,cust18360@gmail.com,Mas particular Account,4.0
18363,cust18363@gmail.com,Payroll Account,5.0
18366,cust18366@gmail.com,Guarantees,3.5
18368,cust18368@gmail.com,Taxes,4.0
18372,cust18372@gmail.com,Saving Account,4.0
18374,cust18374@gmail.com,Home Account,4.5
18376,cust18376@gmail.com,particular Account,3.0
18377,cust18377@gmail.com,Short-term deposits,5.0
18386,cust18386@gmail.com,Mortgage,3.0
18389,cust18389@gmail.com,Derivada Account,5.0
18390,cust18390@gmail.com,Taxes,4.0
18391,cust18391@gmail.com,Loans,4.0
18392,cust18392@gmail.com,Derivada Account,3.0
18393,cust18393@gmail.com,Direct Debit,3.0
18394,cust18394@gmail.com,Taxes,3.0
18395,cust18395@gmail.com,Direct Debit,4.0
18396,cust18396@gmail.com,Junior Account,5.0
18398,cust18398@gmail.com,Taxes,3.0
18402,cust18402@gmail.com,e-account,3.0
18403,cust18403@gmail.com,Loans,4.0
18406,cust18406@gmail.com,Derivada Account,4.0
18408,cust18408@gmail.com,particular Plus Account,4.0
18411,cust18411@gmail.com,Mas particular Account,4.0
18415,cust18415@gmail.com,Payroll Account,4.0
18416,cust18416@gmail.com,Junior Account,4.0
18417,cust18417@gmail.com,Short-term deposits,4.0
18423,cust18423@gmail.com,e-account,5.0
18424,cust18424@gmail.com,Securities,4.0
18427,cust18427@gmail.com,Taxes,3.0
18429,cust18429@gmail.com,Long-term deposits,3.0
18430,cust18430@gmail.com,Payroll,3.5
18432,cust18432@gmail.com,Direct Debit,3.0
18435,cust18435@gmail.com,Guarantees,3.0
18437,cust18437@gmail.com,Short-term deposits,5.0
18438,cust18438@gmail.com,Loans,2.5
18442,cust18442@gmail.com,Pensions,4.0
18443,cust18443@gmail.com,Funds,4.0
18444,cust18444@gmail.com,Medium-term deposits,2.5
18446,cust18446@gmail.com,Medium-term deposits,3.5
18447,cust18447@gmail.com,Pensions,3.0
18448,cust18448@gmail.com,Short-term deposits,5.0
18449,cust18449@gmail.com,Pensions,4.0
18450,cust18450@gmail.com,Derivada Account,5.0
18451,cust18451@gmail.com,Medium-term deposits,4.0
18452,cust18452@gmail.com,Taxes,3.0
18453,cust18453@gmail.com,Taxes,3.5
18454,cust18454@gmail.com,Direct Debit,5.0
18455,cust18455@gmail.com,Securities,1.5
18456,cust18456@gmail.com,Taxes,2.0
18457,cust18457@gmail.com,Mortgage,4.5
18461,cust18461@gmail.com,Pensions,3.5
18462,cust18462@gmail.com,particular Plus Account,3.0
18463,cust18463@gmail.com,Credit Card,3.5
18465,cust18465@gmail.com,Mas particular Account,5.0
18466,cust18466@gmail.com,Direct Debit,4.5
18469,cust18469@gmail.com,Short-term deposits,4.0
18474,cust18474@gmail.com,Pensions,4.0
18475,cust18475@gmail.com,Payroll,2.0
18477,cust18477@gmail.com,Guarantees,4.0
18478,cust18478@gmail.com,Junior Account,4.5
18483,cust18483@gmail.com,Guarantees,4.0
18487,cust18487@gmail.com,Guarantees,4.0
18488,cust18488@gmail.com,Taxes,4.0
18489,cust18489@gmail.com,Pensions,3.0
18490,cust18490@gmail.com,Taxes,5.0
18491,cust18491@gmail.com,Payroll,3.5
18492,cust18492@gmail.com,Loans,4.0
18493,cust18493@gmail.com,Mortgage,3.0
18494,cust18494@gmail.com,e-account,2.5
18495,cust18495@gmail.com,Saving Account,5.0
18498,cust18498@gmail.com,Direct Debit,5.0
18499,cust18499@gmail.com,Mas particular Account,5.0
18500,cust18500@gmail.com,Long-term deposits,1.5
18501,cust18501@gmail.com,Short-term deposits,4.5
18504,cust18504@gmail.com,Derivada Account,3.5
18505,cust18505@gmail.com,Current Accounts,3.0
18507,cust18507@gmail.com,particular Plus Account,0.5
18508,cust18508@gmail.com,Mas particular Account,5.0
18509,cust18509@gmail.com,Loans,2.0
18510,cust18510@gmail.com,particular Account,4.0
18512,cust18512@gmail.com,Short-term deposits,3.5
18515,cust18515@gmail.com,Medium-term deposits,5.0
18518,cust18518@gmail.com,e-account,2.0
18520,cust18520@gmail.com,Home Account,5.0
18521,cust18521@gmail.com,Payroll Account,5.0
18522,cust18522@gmail.com,Current Accounts,3.5
18524,cust18524@gmail.com,Securities,4.5
18525,cust18525@gmail.com,Pensions,3.0
18526,cust18526@gmail.com,Pensions,3.0
18528,cust18528@gmail.com,Direct Debit,3.5
18529,cust18529@gmail.com,Funds,4.5
18532,cust18532@gmail.com,Medium-term deposits,4.0
18534,cust18534@gmail.com,Payroll Account,2.0
18537,cust18537@gmail.com,Saving Account,4.5
18538,cust18538@gmail.com,Funds,3.0
18540,cust18540@gmail.com,Mas particular Account,5.0
18541,cust18541@gmail.com,Pensions,4.5
18544,cust18544@gmail.com,Mortgage,4.0
18545,cust18545@gmail.com,Pensions,3.0
18548,cust18548@gmail.com,Payroll Account,5.0
18551,cust18551@gmail.com,Home Account,5.0
18552,cust18552@gmail.com,Mas particular Account,4.0
18553,cust18553@gmail.com,Pensions,3.5
18554,cust18554@gmail.com,Securities,3.0
18556,cust18556@gmail.com,e-account,4.0
18559,cust18559@gmail.com,Home Account,3.0
18561,cust18561@gmail.com,Payroll Account,1.0
18562,cust18562@gmail.com,Loans,4.0
18565,cust18565@gmail.com,Home Account,4.0
18568,cust18568@gmail.com,Payroll,3.0
18572,cust18572@gmail.com,Direct Debit,5.0
18574,cust18574@gmail.com,Guarantees,4.0
18578,cust18578@gmail.com,Payroll Account,4.0
18585,cust18585@gmail.com,Guarantees,3.5
18587,cust18587@gmail.com,Funds,3.5
18590,cust18590@gmail.com,Direct Debit,3.0
18591,cust18591@gmail.com,Payroll Account,4.0
18594,cust18594@gmail.com,Guarantees,3.5
18597,cust18597@gmail.com,Saving Account,3.0
18600,cust18600@gmail.com,Funds,5.0
18602,cust18602@gmail.com,Credit Card,5.0
18603,cust18603@gmail.com,Securities,3.0
18606,cust18606@gmail.com,Junior Account,3.5
18610,cust18610@gmail.com,Guarantees,4.0
18612,cust18612@gmail.com,Home Account,4.0
18614,cust18614@gmail.com,Mas particular Account,5.0
18619,cust18619@gmail.com,Home Account,3.0
18622,cust18622@gmail.com,Medium-term deposits,5.0
18623,cust18623@gmail.com,Pensions,3.5
18624,cust18624@gmail.com,Taxes,4.5
18626,cust18626@gmail.com,e-account,2.0
18627,cust18627@gmail.com,Short-term deposits,3.0
18629,cust18629@gmail.com,Mortgage,5.0
18631,cust18631@gmail.com,Credit Card,4.0
18633,cust18633@gmail.com,Guarantees,5.0
18634,cust18634@gmail.com,Payroll Account,3.5
18635,cust18635@gmail.com,particular Plus Account,1.0
18636,cust18636@gmail.com,Medium-term deposits,4.0
18637,cust18637@gmail.com,Mortgage,2.0
18645,cust18645@gmail.com,Payroll Account,5.0
18647,cust18647@gmail.com,Junior Account,3.0
18648,cust18648@gmail.com,Mas particular Account,3.0
18649,cust18649@gmail.com,Mortgage,2.0
18651,cust18651@gmail.com,Home Account,3.5
18652,cust18652@gmail.com,Mortgage,3.5
18653,cust18653@gmail.com,Current Accounts,0.5
18656,cust18656@gmail.com,Junior Account,3.0
18660,cust18660@gmail.com,particular Plus Account,3.5
18661,cust18661@gmail.com,e-account,4.5
18662,cust18662@gmail.com,particular Plus Account,4.0
18665,cust18665@gmail.com,Mortgage,4.0
18666,cust18666@gmail.com,particular Account,3.0
18667,cust18667@gmail.com,particular Account,4.0
18672,cust18672@gmail.com,Derivada Account,3.0
18677,cust18677@gmail.com,Funds,4.0
18678,cust18678@gmail.com,e-account,4.0
18681,cust18681@gmail.com,Long-term deposits,3.0
18684,cust18684@gmail.com,Taxes,3.5
18688,cust18688@gmail.com,e-account,1.5
18693,cust18693@gmail.com,Pensions,3.0
18697,cust18697@gmail.com,Saving Account,5.0
18698,cust18698@gmail.com,Short-term deposits,3.0
18699,cust18699@gmail.com,particular Account,4.5
18701,cust18701@gmail.com,Pensions,4.0
18702,cust18702@gmail.com,Credit Card,5.0
18704,cust18704@gmail.com,particular Plus Account,4.0
18705,cust18705@gmail.com,Pensions,2.0
18707,cust18707@gmail.com,Payroll,4.0
18712,cust18712@gmail.com,Long-term deposits,4.0
18714,cust18714@gmail.com,Short-term deposits,3.0
18724,cust18724@gmail.com,Current Accounts,4.0
18727,cust18727@gmail.com,e-account,5.0
18728,cust18728@gmail.com,Pensions,5.0
18729,cust18729@gmail.com,Saving Account,3.0
18732,cust18732@gmail.com,Mas particular Account,3.5
18733,cust18733@gmail.com,Payroll,4.0
18737,cust18737@gmail.com,Credit Card,4.5
18740,cust18740@gmail.com,Credit Card,5.0
18741,cust18741@gmail.com,Saving Account,4.5
18742,cust18742@gmail.com,Mortgage,2.0
18747,cust18747@gmail.com,Current Accounts,3.0
18749,cust18749@gmail.com,particular Plus Account,3.0
18752,cust18752@gmail.com,particular Plus Account,2.0
18753,cust18753@gmail.com,Saving Account,4.0
18754,cust18754@gmail.com,Securities,4.0
18758,cust18758@gmail.com,Loans,4.0
18759,cust18759@gmail.com,particular Plus Account,4.0
18763,cust18763@gmail.com,Current Accounts,5.0
18766,cust18766@gmail.com,Funds,3.5
18767,cust18767@gmail.com,Home Account,4.0
18769,cust18769@gmail.com,Home Account,4.0
18771,cust18771@gmail.com,particular Plus Account,4.5
18772,cust18772@gmail.com,Securities,3.0
18773,cust18773@gmail.com,particular Plus Account,5.0
18775,cust18775@gmail.com,Guarantees,4.0
18776,cust18776@gmail.com,Short-term deposits,5.0
18780,cust18780@gmail.com,Current Accounts,5.0
18781,cust18781@gmail.com,Taxes,4.5
18782,cust18782@gmail.com,Medium-term deposits,3.5
18784,cust18784@gmail.com,Loans,5.0
18785,cust18785@gmail.com,Payroll,5.0
18787,cust18787@gmail.com,Direct Debit,5.0
18788,cust18788@gmail.com,particular Account,3.0
18789,cust18789@gmail.com,particular Account,4.0
18791,cust18791@gmail.com,Pensions,3.5
18793,cust18793@gmail.com,Short-term deposits,3.0
18794,cust18794@gmail.com,Home Account,0.5
18795,cust18795@gmail.com,Medium-term deposits,3.0
18797,cust18797@gmail.com,Home Account,4.0
18798,cust18798@gmail.com,Pensions,4.0
18799,cust18799@gmail.com,Mas particular Account,3.0
18800,cust18800@gmail.com,Home Account,4.0
18805,cust18805@gmail.com,particular Plus Account,3.5
18806,cust18806@gmail.com,Guarantees,5.0
18808,cust18808@gmail.com,e-account,3.5
18811,cust18811@gmail.com,Saving Account,5.0
18812,cust18812@gmail.com,Current Accounts,3.0
18814,cust18814@gmail.com,Payroll Account,3.0
18815,cust18815@gmail.com,Current Accounts,3.5
18820,cust18820@gmail.com,Credit Card,3.5
18821,cust18821@gmail.com,Payroll,5.0
18823,cust18823@gmail.com,particular Plus Account,5.0
18828,cust18828@gmail.com,Derivada Account,5.0
18829,cust18829@gmail.com,Pensions,5.0
18831,cust18831@gmail.com,Mas particular Account,4.0
18832,cust18832@gmail.com,Junior Account,4.0
18833,cust18833@gmail.com,Payroll,5.0
18834,cust18834@gmail.com,Long-term deposits,5.0
18838,cust18838@gmail.com,Pensions,2.0
18839,cust18839@gmail.com,Pensions,4.0
18840,cust18840@gmail.com,Mas particular Account,3.0
18842,cust18842@gmail.com,Payroll Account,4.0
18850,cust18850@gmail.com,e-account,3.0
18852,cust18852@gmail.com,Pensions,5.0
18854,cust18854@gmail.com,Payroll,3.5
18855,cust18855@gmail.com,Credit Card,4.0
18859,cust18859@gmail.com,Loans,2.0
18865,cust18865@gmail.com,Pensions,4.0
18868,cust18868@gmail.com,Derivada Account,4.0
18870,cust18870@gmail.com,particular Account,4.0
18872,cust18872@gmail.com,Medium-term deposits,2.0
18874,cust18874@gmail.com,Taxes,2.0
18875,cust18875@gmail.com,Saving Account,3.0
18876,cust18876@gmail.com,Loans,4.5
18879,cust18879@gmail.com,particular Account,3.5
18881,cust18881@gmail.com,Derivada Account,3.5
18882,cust18882@gmail.com,particular Plus Account,3.0
18884,cust18884@gmail.com,Payroll Account,2.0
18885,cust18885@gmail.com,Mortgage,5.0
18888,cust18888@gmail.com,Direct Debit,4.0
18889,cust18889@gmail.com,Credit Card,3.0
18896,cust18896@gmail.com,particular Plus Account,5.0
18898,cust18898@gmail.com,particular Plus Account,3.0
18899,cust18899@gmail.com,particular Plus Account,3.0
18902,cust18902@gmail.com,Junior Account,4.5
18903,cust18903@gmail.com,Direct Debit,4.0
18907,cust18907@gmail.com,e-account,4.0
18909,cust18909@gmail.com,Mortgage,5.0
18910,cust18910@gmail.com,Pensions,4.5
18913,cust18913@gmail.com,particular Account,4.0
18914,cust18914@gmail.com,Credit Card,5.0
18916,cust18916@gmail.com,Mortgage,3.0
18917,cust18917@gmail.com,Pensions,3.0
18918,cust18918@gmail.com,Long-term deposits,4.0
18920,cust18920@gmail.com,Direct Debit,4.5
18921,cust18921@gmail.com,Derivada Account,4.5
18922,cust18922@gmail.com,Junior Account,4.0
18923,cust18923@gmail.com,Home Account,5.0
18926,cust18926@gmail.com,Mas particular Account,5.0
18929,cust18929@gmail.com,Derivada Account,2.5
18933,cust18933@gmail.com,Funds,4.0
18940,cust18940@gmail.com,Junior Account,4.0
18943,cust18943@gmail.com,Saving Account,3.0
18944,cust18944@gmail.com,Mas particular Account,4.0
18945,cust18945@gmail.com,Long-term deposits,4.5
18946,cust18946@gmail.com,Funds,0.5
18948,cust18948@gmail.com,Saving Account,3.0
18951,cust18951@gmail.com,Mas particular Account,3.5
18952,cust18952@gmail.com,Direct Debit,3.5
18953,cust18953@gmail.com,Credit Card,4.0
18954,cust18954@gmail.com,Payroll,4.5
18956,cust18956@gmail.com,Junior Account,4.5
18957,cust18957@gmail.com,Direct Debit,3.5
18959,cust18959@gmail.com,Medium-term deposits,4.0
18960,cust18960@gmail.com,Long-term deposits,2.0
18961,cust18961@gmail.com,Medium-term deposits,4.0
18962,cust18962@gmail.com,Pensions,3.5
18963,cust18963@gmail.com,Medium-term deposits,3.0
18964,cust18964@gmail.com,Derivada Account,3.0
18967,cust18967@gmail.com,Home Account,3.5
18969,cust18969@gmail.com,e-account,3.5
18970,cust18970@gmail.com,Short-term deposits,5.0
18971,cust18971@gmail.com,Medium-term deposits,3.5
18974,cust18974@gmail.com,Credit Card,4.5
18975,cust18975@gmail.com,particular Plus Account,5.0
18976,cust18976@gmail.com,Long-term deposits,2.5
18978,cust18978@gmail.com,Short-term deposits,2.5
18985,cust18985@gmail.com,Home Account,4.0
18987,cust18987@gmail.com,Taxes,5.0
18996,cust18996@gmail.com,Home Account,4.0
19000,cust19000@gmail.com,Short-term deposits,4.0
19002,cust19002@gmail.com,Securities,4.5
19004,cust19004@gmail.com,Saving Account,3.0
19005,cust19005@gmail.com,Long-term deposits,3.0
19006,cust19006@gmail.com,Credit Card,3.5
19008,cust19008@gmail.com,Guarantees,5.0
19010,cust19010@gmail.com,Taxes,4.0
19011,cust19011@gmail.com,particular Plus Account,3.5
19014,cust19014@gmail.com,Long-term deposits,4.0
19016,cust19016@gmail.com,Payroll,4.0
19017,cust19017@gmail.com,Credit Card,3.0
19018,cust19018@gmail.com,Payroll,4.0
19020,cust19020@gmail.com,Payroll,4.0
19021,cust19021@gmail.com,Direct Debit,5.0
19022,cust19022@gmail.com,Funds,3.0
19023,cust19023@gmail.com,Loans,5.0
19025,cust19025@gmail.com,Funds,3.0
19026,cust19026@gmail.com,Funds,2.0
19029,cust19029@gmail.com,Payroll,3.5
19032,cust19032@gmail.com,particular Plus Account,5.0
19034,cust19034@gmail.com,Pensions,3.0
19035,cust19035@gmail.com,Current Accounts,3.0
19036,cust19036@gmail.com,Taxes,3.0
19037,cust19037@gmail.com,e-account,2.5
19040,cust19040@gmail.com,particular Plus Account,4.0
19043,cust19043@gmail.com,Pensions,4.0
19044,cust19044@gmail.com,Short-term deposits,4.0
19049,cust19049@gmail.com,Mortgage,3.5
19052,cust19052@gmail.com,Pensions,4.0
19053,cust19053@gmail.com,Pensions,4.0
19054,cust19054@gmail.com,Payroll Account,4.0
19057,cust19057@gmail.com,Mortgage,3.5
19061,cust19061@gmail.com,Short-term deposits,4.5
19062,cust19062@gmail.com,Saving Account,3.5
19063,cust19063@gmail.com,particular Plus Account,5.0
19065,cust19065@gmail.com,Funds,4.0
19067,cust19067@gmail.com,Payroll Account,5.0
19069,cust19069@gmail.com,particular Plus Account,4.0
19074,cust19074@gmail.com,Credit Card,4.0
19075,cust19075@gmail.com,Direct Debit,5.0
19076,cust19076@gmail.com,Guarantees,3.0
19077,cust19077@gmail.com,Derivada Account,3.5
19079,cust19079@gmail.com,Mortgage,3.0
19080,cust19080@gmail.com,Junior Account,3.5
19082,cust19082@gmail.com,Short-term deposits,3.0
19084,cust19084@gmail.com,Credit Card,3.0
19085,cust19085@gmail.com,particular Account,3.0
19086,cust19086@gmail.com,Short-term deposits,2.5
19087,cust19087@gmail.com,Direct Debit,2.0
19088,cust19088@gmail.com,Derivada Account,5.0
19093,cust19093@gmail.com,Home Account,3.5
19094,cust19094@gmail.com,Funds,4.0
19096,cust19096@gmail.com,Taxes,4.0
19098,cust19098@gmail.com,Pensions,3.0
19099,cust19099@gmail.com,particular Plus Account,4.5
19100,cust19100@gmail.com,Short-term deposits,4.0
19103,cust19103@gmail.com,Pensions,5.0
19104,cust19104@gmail.com,Mas particular Account,1.5
19107,cust19107@gmail.com,Saving Account,5.0
19108,cust19108@gmail.com,Short-term deposits,3.5
19109,cust19109@gmail.com,Payroll Account,3.0
19117,cust19117@gmail.com,Current Accounts,3.0
19119,cust19119@gmail.com,Taxes,4.0
19120,cust19120@gmail.com,Medium-term deposits,4.5
19121,cust19121@gmail.com,Mortgage,3.0
19122,cust19122@gmail.com,e-account,4.0
19123,cust19123@gmail.com,particular Plus Account,2.0
19125,cust19125@gmail.com,particular Plus Account,4.0
19126,cust19126@gmail.com,Pensions,3.5
19127,cust19127@gmail.com,Saving Account,4.0
19128,cust19128@gmail.com,Payroll Account,5.0
19129,cust19129@gmail.com,Securities,3.5
19130,cust19130@gmail.com,Junior Account,2.0
19131,cust19131@gmail.com,Direct Debit,4.0
19134,cust19134@gmail.com,Medium-term deposits,3.0
19136,cust19136@gmail.com,Pensions,3.5
19137,cust19137@gmail.com,Mortgage,1.0
19138,cust19138@gmail.com,Credit Card,3.0
19139,cust19139@gmail.com,Credit Card,4.0
19140,cust19140@gmail.com,Taxes,3.5
19142,cust19142@gmail.com,Direct Debit,0.5
19144,cust19144@gmail.com,Payroll,3.0
19148,cust19148@gmail.com,Pensions,4.0
19149,cust19149@gmail.com,Medium-term deposits,5.0
19150,cust19150@gmail.com,Derivada Account,4.0
19152,cust19152@gmail.com,Current Accounts,5.0
19153,cust19153@gmail.com,e-account,4.5
19155,cust19155@gmail.com,Home Account,5.0
19156,cust19156@gmail.com,Current Accounts,4.0
19159,cust19159@gmail.com,Guarantees,3.5
19162,cust19162@gmail.com,Short-term deposits,3.0
19163,cust19163@gmail.com,Taxes,4.0
19164,cust19164@gmail.com,Saving Account,4.0
19168,cust19168@gmail.com,Mas particular Account,4.0
19169,cust19169@gmail.com,Medium-term deposits,3.5
19171,cust19171@gmail.com,Derivada Account,4.0
19172,cust19172@gmail.com,Taxes,4.0
19174,cust19174@gmail.com,particular Plus Account,4.0
19175,cust19175@gmail.com,Guarantees,5.0
19177,cust19177@gmail.com,Short-term deposits,4.5
19180,cust19180@gmail.com,particular Plus Account,4.0
19181,cust19181@gmail.com,Loans,4.5
19182,cust19182@gmail.com,Credit Card,4.0
19183,cust19183@gmail.com,Long-term deposits,4.5
19184,cust19184@gmail.com,Payroll,5.0
19185,cust19185@gmail.com,Home Account,1.0
19186,cust19186@gmail.com,particular Account,4.0
19187,cust19187@gmail.com,Home Account,5.0
19188,cust19188@gmail.com,Medium-term deposits,3.0
19191,cust19191@gmail.com,Loans,4.0
19194,cust19194@gmail.com,Mortgage,0.5
19198,cust19198@gmail.com,Direct Debit,2.0
19199,cust19199@gmail.com,Credit Card,4.0
19200,cust19200@gmail.com,Saving Account,4.0
19201,cust19201@gmail.com,Mortgage,4.0
19202,cust19202@gmail.com,e-account,3.0
19209,cust19209@gmail.com,Long-term deposits,4.5
19210,cust19210@gmail.com,particular Plus Account,3.0
19211,cust19211@gmail.com,Credit Card,4.0
19212,cust19212@gmail.com,Loans,5.0
19214,cust19214@gmail.com,Medium-term deposits,3.0
19215,cust19215@gmail.com,Pensions,5.0
19216,cust19216@gmail.com,Funds,3.0
19217,cust19217@gmail.com,Medium-term deposits,4.0
19219,cust19219@gmail.com,Credit Card,4.0
19220,cust19220@gmail.com,Taxes,4.0
19222,cust19222@gmail.com,Junior Account,4.0
19223,cust19223@gmail.com,particular Account,3.5
19224,cust19224@gmail.com,Loans,3.0
19226,cust19226@gmail.com,Direct Debit,4.0
19227,cust19227@gmail.com,Payroll,3.0
19230,cust19230@gmail.com,Mortgage,3.0
19231,cust19231@gmail.com,Home Account,3.5
19232,cust19232@gmail.com,Pensions,4.5
19233,cust19233@gmail.com,Derivada Account,4.0
19234,cust19234@gmail.com,e-account,4.0
19235,cust19235@gmail.com,Loans,5.0
19236,cust19236@gmail.com,Payroll,4.5
19237,cust19237@gmail.com,Mortgage,2.5
19238,cust19238@gmail.com,Current Accounts,3.0
19241,cust19241@gmail.com,Short-term deposits,5.0
19242,cust19242@gmail.com,e-account,5.0
19243,cust19243@gmail.com,Taxes,4.0
19244,cust19244@gmail.com,Taxes,3.5
19246,cust19246@gmail.com,particular Plus Account,3.0
19250,cust19250@gmail.com,Derivada Account,3.0
19251,cust19251@gmail.com,Junior Account,4.0
19253,cust19253@gmail.com,Short-term deposits,4.0
19256,cust19256@gmail.com,e-account,3.5
19258,cust19258@gmail.com,Guarantees,4.5
19260,cust19260@gmail.com,e-account,3.5
19261,cust19261@gmail.com,Mortgage,4.0
19262,cust19262@gmail.com,Funds,4.0
19264,cust19264@gmail.com,Pensions,3.0
19265,cust19265@gmail.com,e-account,4.0
19266,cust19266@gmail.com,Home Account,3.0
19267,cust19267@gmail.com,Payroll,1.0
19268,cust19268@gmail.com,Loans,4.0
19271,cust19271@gmail.com,Home Account,3.0
19272,cust19272@gmail.com,Derivada Account,3.0
19273,cust19273@gmail.com,Securities,5.0
19276,cust19276@gmail.com,Mas particular Account,4.0
19277,cust19277@gmail.com,Junior Account,4.0
19278,cust19278@gmail.com,Guarantees,3.0
19282,cust19282@gmail.com,Current Accounts,3.5
19285,cust19285@gmail.com,Funds,4.0
19287,cust19287@gmail.com,Mas particular Account,3.0
19288,cust19288@gmail.com,Saving Account,5.0
19291,cust19291@gmail.com,Current Accounts,3.0
19294,cust19294@gmail.com,Guarantees,4.0
19295,cust19295@gmail.com,Short-term deposits,5.0
19297,cust19297@gmail.com,Derivada Account,4.0
19298,cust19298@gmail.com,e-account,4.5
19299,cust19299@gmail.com,particular Plus Account,5.0
19300,cust19300@gmail.com,Taxes,5.0
19301,cust19301@gmail.com,Direct Debit,3.5
19304,cust19304@gmail.com,Pensions,5.0
19305,cust19305@gmail.com,Short-term deposits,2.0
19306,cust19306@gmail.com,Mortgage,5.0
19307,cust19307@gmail.com,particular Account,5.0
19308,cust19308@gmail.com,Guarantees,5.0
19309,cust19309@gmail.com,Direct Debit,4.5
19312,cust19312@gmail.com,Pensions,4.5
19316,cust19316@gmail.com,Junior Account,4.0
19318,cust19318@gmail.com,Saving Account,4.0
19320,cust19320@gmail.com,Long-term deposits,3.0
19324,cust19324@gmail.com,particular Plus Account,5.0
19326,cust19326@gmail.com,Derivada Account,4.0
19327,cust19327@gmail.com,Pensions,5.0
19329,cust19329@gmail.com,Credit Card,3.0
19331,cust19331@gmail.com,Funds,3.0
19333,cust19333@gmail.com,Direct Debit,4.0
19334,cust19334@gmail.com,Pensions,5.0
19335,cust19335@gmail.com,Pensions,4.0
19336,cust19336@gmail.com,Pensions,4.0
19337,cust19337@gmail.com,Securities,4.5
19338,cust19338@gmail.com,Junior Account,3.0
19341,cust19341@gmail.com,Current Accounts,5.0
19342,cust19342@gmail.com,particular Plus Account,5.0
19344,cust19344@gmail.com,Pensions,4.0
19347,cust19347@gmail.com,Current Accounts,4.0
19348,cust19348@gmail.com,Home Account,3.5
19349,cust19349@gmail.com,Funds,4.0
19358,cust19358@gmail.com,Long-term deposits,4.0
19361,cust19361@gmail.com,Taxes,3.0
19364,cust19364@gmail.com,Long-term deposits,3.0
19366,cust19366@gmail.com,Credit Card,3.0
19367,cust19367@gmail.com,Mas particular Account,3.5
19370,cust19370@gmail.com,Taxes,5.0
19371,cust19371@gmail.com,Derivada Account,4.0
19379,cust19379@gmail.com,particular Plus Account,0.5
19385,cust19385@gmail.com,Pensions,4.0
19386,cust19386@gmail.com,Saving Account,3.0
19387,cust19387@gmail.com,Direct Debit,4.0
19393,cust19393@gmail.com,Pensions,5.0
19395,cust19395@gmail.com,Pensions,0.5
19398,cust19398@gmail.com,particular Plus Account,5.0
19400,cust19400@gmail.com,Junior Account,5.0
19401,cust19401@gmail.com,Short-term deposits,5.0
19402,cust19402@gmail.com,Medium-term deposits,5.0
19406,cust19406@gmail.com,Funds,4.5
19409,cust19409@gmail.com,Payroll Account,2.0
19414,cust19414@gmail.com,Loans,4.0
19415,cust19415@gmail.com,Direct Debit,1.0
19416,cust19416@gmail.com,e-account,4.5
19418,cust19418@gmail.com,Pensions,5.0
19420,cust19420@gmail.com,Medium-term deposits,4.5
19423,cust19423@gmail.com,Credit Card,3.0
19426,cust19426@gmail.com,Loans,5.0
19427,cust19427@gmail.com,Current Accounts,3.0
19428,cust19428@gmail.com,Current Accounts,2.0
19431,cust19431@gmail.com,Short-term deposits,4.0
19432,cust19432@gmail.com,Direct Debit,4.0
19434,cust19434@gmail.com,Payroll Account,4.0
19435,cust19435@gmail.com,Short-term deposits,4.0
19436,cust19436@gmail.com,Home Account,4.0
19437,cust19437@gmail.com,Taxes,1.5
19443,cust19443@gmail.com,Taxes,4.0
19444,cust19444@gmail.com,Taxes,2.0
19445,cust19445@gmail.com,Payroll,1.0
19448,cust19448@gmail.com,Mortgage,4.0
19449,cust19449@gmail.com,particular Account,4.5
19450,cust19450@gmail.com,Mas particular Account,3.5
19451,cust19451@gmail.com,Derivada Account,5.0
19454,cust19454@gmail.com,Home Account,3.5
19455,cust19455@gmail.com,Derivada Account,5.0
19458,cust19458@gmail.com,Pensions,4.0
19461,cust19461@gmail.com,Derivada Account,4.0
19463,cust19463@gmail.com,Derivada Account,3.0
19469,cust19469@gmail.com,Medium-term deposits,4.5
19471,cust19471@gmail.com,Credit Card,3.0
19472,cust19472@gmail.com,Long-term deposits,5.0
19476,cust19476@gmail.com,Taxes,4.5
19477,cust19477@gmail.com,Current Accounts,3.5
19480,cust19480@gmail.com,Junior Account,4.5
19482,cust19482@gmail.com,Securities,3.5
19485,cust19485@gmail.com,Funds,4.0
19488,cust19488@gmail.com,Derivada Account,4.0
19489,cust19489@gmail.com,Loans,3.5
19490,cust19490@gmail.com,Derivada Account,4.0
19492,cust19492@gmail.com,Derivada Account,3.5
19497,cust19497@gmail.com,Payroll Account,4.0
19499,cust19499@gmail.com,Junior Account,4.5
19500,cust19500@gmail.com,Current Accounts,0.5
19502,cust19502@gmail.com,Long-term deposits,4.0
19505,cust19505@gmail.com,Derivada Account,2.0
19506,cust19506@gmail.com,Short-term deposits,1.0
19508,cust19508@gmail.com,Payroll Account,5.0
19510,cust19510@gmail.com,Junior Account,3.5
19513,cust19513@gmail.com,Mas particular Account,3.5
19514,cust19514@gmail.com,particular Plus Account,4.0
19515,cust19515@gmail.com,Junior Account,3.0
19516,cust19516@gmail.com,particular Account,5.0
19517,cust19517@gmail.com,Credit Card,4.0
19519,cust19519@gmail.com,Mortgage,3.5
19520,cust19520@gmail.com,Pensions,3.5
19523,cust19523@gmail.com,Junior Account,2.5
19524,cust19524@gmail.com,Junior Account,5.0
19526,cust19526@gmail.com,Short-term deposits,4.0
19527,cust19527@gmail.com,Securities,4.0
19529,cust19529@gmail.com,Saving Account,2.0
19531,cust19531@gmail.com,e-account,3.5
19533,cust19533@gmail.com,particular Plus Account,4.0
19534,cust19534@gmail.com,Securities,4.5
19536,cust19536@gmail.com,Medium-term deposits,5.0
19538,cust19538@gmail.com,Securities,4.5
19539,cust19539@gmail.com,Long-term deposits,3.0
19541,cust19541@gmail.com,Current Accounts,4.0
19545,cust19545@gmail.com,Taxes,4.0
19548,cust19548@gmail.com,Medium-term deposits,2.0
19549,cust19549@gmail.com,Short-term deposits,5.0
19550,cust19550@gmail.com,Direct Debit,4.0
19552,cust19552@gmail.com,e-account,4.0
19555,cust19555@gmail.com,Guarantees,4.0
19557,cust19557@gmail.com,Credit Card,0.5
19558,cust19558@gmail.com,Derivada Account,4.0
19560,cust19560@gmail.com,Securities,5.0
19561,cust19561@gmail.com,Credit Card,4.0
19562,cust19562@gmail.com,Saving Account,4.5
19563,cust19563@gmail.com,Current Accounts,3.0
19564,cust19564@gmail.com,Taxes,5.0
19569,cust19569@gmail.com,Payroll Account,4.0
19571,cust19571@gmail.com,Mortgage,3.0
19572,cust19572@gmail.com,Payroll,2.5
19574,cust19574@gmail.com,Securities,5.0
19578,cust19578@gmail.com,Medium-term deposits,0.5
19582,cust19582@gmail.com,Saving Account,3.5
19584,cust19584@gmail.com,Medium-term deposits,4.0
19586,cust19586@gmail.com,Direct Debit,4.0
19589,cust19589@gmail.com,Guarantees,5.0
19590,cust19590@gmail.com,Direct Debit,4.0
19593,cust19593@gmail.com,Short-term deposits,4.5
19595,cust19595@gmail.com,Long-term deposits,4.0
19597,cust19597@gmail.com,Medium-term deposits,4.5
19598,cust19598@gmail.com,Direct Debit,3.0
19599,cust19599@gmail.com,Credit Card,5.0
19603,cust19603@gmail.com,Long-term deposits,3.5
19605,cust19605@gmail.com,Credit Card,1.0
19606,cust19606@gmail.com,particular Account,5.0
19607,cust19607@gmail.com,Payroll,2.0
19611,cust19611@gmail.com,Guarantees,5.0
19612,cust19612@gmail.com,Medium-term deposits,4.0
19620,cust19620@gmail.com,Guarantees,4.5
19621,cust19621@gmail.com,Saving Account,3.5
19622,cust19622@gmail.com,particular Account,3.0
19625,cust19625@gmail.com,Securities,4.0
19626,cust19626@gmail.com,Funds,3.5
19628,cust19628@gmail.com,Saving Account,2.0
19630,cust19630@gmail.com,Junior Account,4.0
19631,cust19631@gmail.com,Pensions,4.0
19634,cust19634@gmail.com,Long-term deposits,4.0
19635,cust19635@gmail.com,particular Plus Account,4.0
19636,cust19636@gmail.com,Payroll,4.0
19637,cust19637@gmail.com,e-account,5.0
19643,cust19643@gmail.com,Long-term deposits,3.5
19653,cust19653@gmail.com,Current Accounts,2.0
19656,cust19656@gmail.com,Securities,3.0
19658,cust19658@gmail.com,Derivada Account,3.0
19661,cust19661@gmail.com,Long-term deposits,5.0
19663,cust19663@gmail.com,Payroll,3.0
19664,cust19664@gmail.com,particular Plus Account,5.0
19666,cust19666@gmail.com,Taxes,3.0
19668,cust19668@gmail.com,Current Accounts,2.0
19670,cust19670@gmail.com,Pensions,4.0
19672,cust19672@gmail.com,Credit Card,4.5
